Resource title,Core architectural claim,Role in the PostgreSQL-first LifeOS,Canonical state owned by this component,Temporary or derived state,Data/entities represented,Required identity keys and schema fields,Reads from,Writes to,Ingestion-stage role,Database editing/branching role,Materialization/export role,PostgreSQL relation,RuVector/vector/graph relation,redb relation,AgentDB/.rvf relation,Nushell/nu_plugin relation,envctl relation,LifeOS/UDS relation,Nix/Yazelix relation,Dependencies and ordering constraints,Task-graph phase implied by the resource,Acceptive evidence described by the source,Conflict or tension with another resource,Missing or unresolved detail,Exact source-specific terminology that must be preserved,Source
"Excerpts from ""RuVector: Postgres Extension for AI""","PostgreSQL is the ultimate 'Trojan horse' for AI, allowing high-performance Rust-powered vector and graph capabilities to live inside the DB.","Primary canonical storage for relational data, JSON, and AI vectors; serves as global long-term semantic memory.","Global knowledge base, relational data, and shared knowledge graphs.",Derived flat files/directories for builds and exports.,"Relational metadata, AI vectors, hyperbolic taxonomies, and graph structures.","Standard SQL metadata (e.g., user_id, category), vector embeddings.","Local redb buffers (sync stage), agent search queries.",Disk-backed PostgreSQL storage and derived filesystem projections.,Final destination for compressed history and embeddings flushed from redb.,Enables hybrid searches; supports COW (Copy-On-Write) branching.,Source for 'projection' where envctl reconstructs directory structures.,Central host; uses ruvector-postgres extension.,"Provides indexing, GNN, and vector math within Postgres.",Postgres acts as the long-term destination for data buffered in redb.,Postgres is the 'heavyweight' multi-tenant counterpart to AgentDB.,Receives structured data parsed by Nushell from the codebase.,envctl coordinates movement of code blocks into Postgres schema.,LifeOS provides the Mission Control UI to the Postgres-hosted codebase.,Source material for Nix builds is projected from Postgres rows.,Available for long-term state persistence after redb flush.,Global Orchestration and Long-term Persistence.,Elimination of 'sidecar' service friction and use of standard SQL.,Higher latency than in-process redb.,NOT SPECIFIED,"Trojan horse, No Sidecar Rule, Hybrid Search, 2-4 bit KV-cache quantization.",1
redb: Pure Rust Embedded Key-Value Store,"redb is a memory-safe, zero-copy, high-speed geometry engine for ultra-low-latency in-process state.","Local AI scratchpad, high-frequency write buffer, and semantic cache for hot runtime.",In-process application state and micro-state changes.,Transient data eventually flushed to Postgres.,"Key-value pairs, system configs, and semantic cache (Hash -> Vector).",Exact Key (BLAKE3 Hash for cache) and Raw Byte Values.,Application process memory and local disk.,PostgreSQL (via sync thread) and local memory-mapped file.,First-tier buffer for high-frequency writes to avoid IPC overhead.,Application-level Write-Ahead Log (WAL) during Postgres locks.,NOT SPECIFIED,Frontend buffer/cache for PostgreSQL.,Can perform distance math (geometry engine) on stored vectors.,Self-referential (the component itself).,Lacks the self-learning loops of .rvf.,FlexNetOS/nu_plugin uses redb for environment control.,envctl uses redb to store environment state.,LifeOS reads redb files via UDS for real-time agent status.,Integrated into Rust binaries for Nix derivations.,Must be compiled natively with the Rust application.,High-frequency Execution and Local Caching.,"Zero-copy, BTreeMap-based API, and use of SIMD intrinsics.",Single-node isolation limits compared to multi-tenant Postgres.,Implementation of vector-enabled fork (shodh-redb).,"high-speed geometry engine, zero-copy, ACID & MVCC.",1
AgentDB (.rvf): Serverless Cognitive Container,"A portable, single-file 'brain' with active reinforcement learning loops and GNN routing.",Self-contained persistent memory for individual agents; portable cognitive storage.,"Agent episodic memory, skill libraries, and causal reasoning graphs.",NOT SPECIFIED,"Cognitive patterns, learning states, and cryptographic audit logs.",SHAKE256 witness chains and causal edges in a graph.,ruvllm (during inference) and local agent sensors.,Single .rvf file; eventually flushes shared knowledge to Postgres.,Captures real-time agent successes/failures for RL.,Uses COW branching to commit successful simulated timelines.,NOT SPECIFIED,Provides agent-specific context to global Postgres store.,Built on RuVector Rust engine; uses GNN routing.,Used as a scratchpad alongside .rvf long-term memory.,Self-referential (the format itself).,Receives data streamed from Nushell via plugins.,NOT SPECIFIED,NOT SPECIFIED,Portable file format allows 'install-in-place' in Nix.,Depends on ruvllm for inference; requires RuVector core logic.,Agent Cognition and Local Learning.,"Built-in RL (Thompson Sampling, Q-Learning).",Passive retrieval in Postgres vs active memory in AgentDB.,NOT SPECIFIED,"Cognitive container, active self-learning memory, .rvf, COW Branching.",1
ruvllm: Rust-Native LLM Inference Engine,A high-performance edge-focused inference runtime that hot-swaps agent brains into a frozen foundation model.,Hardware-accelerated 'console' that executes LLM inference for the swarm.,"Frozen foundation model weights (e.g., Llama/Qwen in .gguf).",Loaded MicroLoRA adapters and temporary context windows.,Neural network weights and token generation streams.,"Model parameters, LoRA ranks, and sampling configuration.",Base model files and .rvf cognitive containers (LoRAs).,Inference output (text/tokens) sent to agents.,NOT SPECIFIED,NOT SPECIFIED,NOT SPECIFIED,Retrieves long-term context from Postgres via RuVector search.,Uses RuVector logic for GNN-based context routing.,Semantic cache to bypass ruvllm for repetitive queries.,Loads adapters and memory from .rvf to specialize models.,NOT SPECIFIED,NOT SPECIFIED,NOT SPECIFIED,Target for static musl compilation for portability.,Must be running to process agentic text generation.,Inference and Real-time Intelligence.,1ms hot-swapping of LoRAs; utilization of Candle framework.,Requires significant VRAM compared to redb.,NOT SPECIFIED,"Frozen foundation model, MicroLoRA, SONA, ruvllm.",1
Ruflo: Agentic Meta-Harness & Orchestrator,A swarm coordinator using ensemble simulations and multi-provider routing to forecast and execute complex futures.,The 'Mission Control' for swarm orchestration and complexity-based model routing.,"Meta-strategy, provider configurations, and routing policies.",Simulated future timelines.,"Swarm task graphs, model performance metrics, and cost/complexity data.",Task embeddings and model capability classifiers.,"Multiple providers (Claude, GPT-4, ruvllm) and ATAS simulations.",Routing commands to agents and Postgres for meta-analytics.,NOT SPECIFIED,Triggers COW branching in .rvf files based on success.,NOT SPECIFIED,Stores collective telemetry and shared knowledge graphs.,Uses graph math to analyze swarm dependencies.,NOT SPECIFIED,Coordinates activities of agents represented by .rvf files.,NOT SPECIFIED,NOT SPECIFIED,Interfaces with LifeOS for human-in-the-loop control.,NOT SPECIFIED,Top-level orchestrator; requires lower-level databases/engines.,Global Orchestration and Future Prediction.,Proportional Intelligence and RuvLTRA routing.,Multi-provider cloud dependence vs. bare-metal local ethos.,NOT SPECIFIED,"Proportional Intelligence, RuvLTRA, meta-harness.",1
ATAS (Agentic Temporal Attractor Studio),A forecasting engine using Echo-State Networks (ESNs) to simulate multiple future timelines.,Prediction engine that analyzes project trajectories to prevent failure nodes.,ESN reservoir weights (fixed) and readout layer (trained).,"Projected git diffs, resource burn forecasts, and failure nodes.",Temporal Strange Attractors and branching future states.,Project state embeddings and temporal chaos bounds.,Current codebase state (Postgres/redb) and agent states.,Predicted timelines used by RuvLTRA for routing.,NOT SPECIFIED,Determines which COW branch to commit to Postgres main trunk.,NOT SPECIFIED,Uses Postgres data as the initial condition for simulations.,Uses graph math to identify 'weak links' (MinCut).,NOT SPECIFIED,Simulates changes to .rvf cognitive containers.,NOT SPECIFIED,NOT SPECIFIED,NOT SPECIFIED,NOT SPECIFIED,Operates before real-world execution commits.,Simulation and Risk Mitigation.,Use of Reservoir Computing and Strange Attractor mapping.,Computational cost of parallel ESN instances.,NOT SPECIFIED,"Temporal Strange Attractors, Echo-State Network, Reservoir Computing.",1
RuVector MinCut,A real-time immune system that isolates failing swarm logic using subpolynomial dynamic minimum cut math.,Deterministic guardian that prevents hallucinations from infecting the global codebase.,Live dependency graph of the swarm.,Calculated 'weakest links' in logic.,Agent communication edges and logic dependency nodes.,$O(n^{o(1)})$  update signatures.,PostgreSQL dependency tables and live IPC streams.,Routing overrides that sever failing nodes.,NOT SPECIFIED,Forces rejection of logic branches lacking causal edges.,NOT SPECIFIED,Monitors relationships stored in Postgres knowledge graph.,Core GNN application for safety.,NOT SPECIFIED,Verifies cryptographic witness chains within AgentDB.,NOT SPECIFIED,NOT SPECIFIED,NOT SPECIFIED,NOT SPECIFIED,Must operate in real-time alongside model execution.,Verification and Safety.,Mathematical breakthrough (arXiv:2512.13105) for dynamic cuts.,Stochastic model output vs. deterministic MinCut requirements.,NOT SPECIFIED,"MinCut, subpolynomial updates, real-time immune system.",1
Yazelix & Nix (Portable Release Strategy),Builds must be statically compiled (musl) to be truly portable and 'install-in-place'.,Workspace engine and build system for creating the contained Agentic OS.,Nix derivations and workspace configuration.,Compiled release artifacts (musl binaries).,Software dependencies and build-environment closure.,Static RPATHs and musl-target signatures.,PostgreSQL (for projected codebase files).,Portable filesystem folders.,NOT SPECIFIED,NOT SPECIFIED,Primary tool for turning DB code into compiled executables.,Materialization target for code stored in Postgres.,NOT SPECIFIED,NOT SPECIFIED,NOT SPECIFIED,Integrated into Yazelix/Zellij terminal environment.,Coordinated by Yazelix for environment control.,LifeOS manages the Yazelix terminal workspace.,Self-referential.,Requires musl to avoid the '/nix/store' trap.,"Build, Compile, and Release.",Use of nix-user-chroot or AppImage for standalone folders.,Absolute paths in Nix vs. 'install-in-place' portability.,NOT SPECIFIED,"musl, static compilation, install-in-place, RPATH.",1
envctl + nu_plugin (FlexNetOS),A native bridge that transforms Nushell structured data into database state for in-place refactoring.,The intake manifold and materializer that bridges terminal to database.,Environment control flags and transformation rules.,Serialized JSON/MessagePack streams.,"ASTs, function blocks, and environment variables.",Module paths and function signatures.,Nushell tables and redb buffers.,PostgreSQL (ingestion) and Filesystem (export).,Parses codebase into ASTs and streams them into database.,NOT SPECIFIED,Reconstructs directory structures from code blocks (Projection).,Feeds code blocks into the Postgres schema.,Vectorizes code semantics during bridge phase.,Uses redb as high-speed intake buffer.,NOT SPECIFIED,Self-referential (nu_plugin is the engine).,Self-referential (envctl is the controller).,Communicates with LifeOS via UDS for UI rendering.,Dumps projected files into Yazelix build pipeline.,Must use MessagePack to avoid JSON bottlenecks.,Ingestion and Materialization.,Zero-copy stream via nu_plugin_ruvector.,JSON stdout bottlenecks vs. native Rust performance.,NOT SPECIFIED,"Materializer, intake manifold, Projection, nu_plugin.",1
The Speed Advantage of NPM for Rust Development,NPM releases provide faster access to features via prioritizing the TypeScript/AI market for solo-developer speed.,Provides the native binding layer (RuVector) via Bun/NPM for LifeOS front-end access.,NOT SPECIFIED,NPM releases/binaries derived from Rust source.,"Native extensions, compiled binaries, TypeScript interfaces.",NOT SPECIFIED,Git repository branches.,NPM registry (via CI/CD).,NOT SPECIFIED,Updates pushed directly to NPM upon branch merge.,Automated cross-compilation and distribution via NPM.,NOT SPECIFIED,RuVector is the core package delivered via NPM-first strategy.,NOT SPECIFIED,NOT SPECIFIED,NOT SPECIFIED,NOT SPECIFIED,LifeOS front-end uses Bun to run native extensions.,NOT SPECIFIED,NPM releases depend on CI/CD; Bun must handle native binaries.,Deployment and Distribution (CI/CD).,Developer prioritizes NPM to establish 'prior art' against patents.,Crates.io lags behind NPM due to polish requirements.,Bun configuration for native binaries; integration with gitkb/meta.,"""prior art"", ""stream of consciousness"" development, ""blazing speed"".",2
RuVector Cognitive Architecture and Neural Database Logic,PostgreSQL is an active self-learning brain combining vector search and GNNs natively.,Primary cognitive engine and truth-verification layer for agents and code edits.,"PostgreSQL (vectors/graphs), Witness Chains, Causal Graph Verification.","FastGRNN pre-filtered routing context, LLM context windows.","Agent successes/failures, ranking patterns, facts, code edits.","Cryptographic Witness Chains, Causal Graph links.","PostgreSQL (vector/graph data), SONA feedback logs.","PostgreSQL (ranking adjustments, verified code edits).",Verification of facts against source vectors via Causal Graph.,Tracking code edits through cryptographic chains to prevent hallucinations.,NOT SPECIFIED,Central database hosting vectors and GNNs.,Natively combined within PostgreSQL for reasoning.,NOT SPECIFIED,NOT SPECIFIED,NOT SPECIFIED,NOT SPECIFIED,NOT SPECIFIED,NOT SPECIFIED,FastGRNN pre-filtering occurs before text hits LLM.,"Routing (RuvLTRA), pre-filtering, and verification.",Mathematical links between facts and source vectors.,NOT SPECIFIED,Specific implementation of SONA automatic adjustments.,"SONA, FastGRNN Routing, Cryptographic Witness Chains, RuvLTRA.",3
Modular Intelligence: The Ruvnet AgentDB Framework,Agents are self-contained .rvf files acting as cognitive containers atop a frozen foundation model.,Per-agent specialized intelligence layer; AgentDB serves as specific cognitive state.,"MicroLoRA Adapters, SONA learning loops, and FastGRNN weights.",Base model weights are external; transient LLM focus pre-filtered.,"Agent skills, personality, success/failure history, memory routing.",".rvf file format, MicroLoRA parameters, SONA history logs.","Frozen foundation model (base), AgentDB (.rvf) file.",AgentDB (.rvf) via SONA self-optimization loops.,NOT SPECIFIED,NOT SPECIFIED,NOT SPECIFIED,NOT SPECIFIED,FastGRNN provides a lightweight graph of agent memory.,NOT SPECIFIED,Primary container format for agent state and intelligence.,NOT SPECIFIED,NOT SPECIFIED,NOT SPECIFIED,NOT SPECIFIED,Requires ruvllm hosting base model on edge nodes.,Deployment and runtime execution of cognitive agents.,Deploying 50 agents on the footprint of one base model.,NOT SPECIFIED,Integration between PostgreSQL canonical state and .rvf updates.,"AgentDB, .rvf, MicroLoRA, SONA, FastGRNN, ruvllm.",4
Autonomous Database Transformation and Swarm Defense Mechanisms,Operating system code is rewritten directly inside the database using SQL and RuVector.,Primary environment for agentic code modification and swarm-based system evolution.,Code functions and logic stored within PostgreSQL rows and RuVector graph.,NOT SPECIFIED,"Source code functions, semantic embeddings, and dependency relationships.","semantic_embedding (vector), code rows, Cryptographic Witness Chains.","PostgreSQL (SQL), RuVector (hybrid search).","PostgreSQL (UPDATE statements), RuVector (MinCut/graph updates).",NOT SPECIFIED,Agents find and rewrite functions directly within DB using SQL.,Phase 4 (Materialization) mentioned as subsequent step.,Source of truth for code rows; modified via UPDATE.,Provides hybrid search and MinCut protection.,NOT SPECIFIED,NOT SPECIFIED,NOT SPECIFIED,NOT SPECIFIED,NOT SPECIFIED,NOT SPECIFIED,Phase 3 follows ingestion; requires MinCut/Witness Chains.,Phase 3: Autonomous Database Transformation.,Witness Chains linking code changes to source vectors.,NOT SPECIFIED,Specific implementation of MinCut detection and Phase 4 details.,"RuVector MinCut, Cryptographic Witness Chains, Swarm Defense.",5
Deterministic Timeline Selection via Agentic Temporal Branching,Uses COW branching to test futures via isolated staging branches to ensure determinism for stochastic models.,Provides the branching mechanism for agent state transitions within the DB environment.,Agent state branches (Parallel isolated staging branches).,Staging branches not merged into main trunk.,"Agent states, future timelines, and execution outcomes.","Branch IDs, Agent State ID, Echo-State Network score.",Main trunk agent state.,Isolated staging branches; Main trunk upon merge.,NOT SPECIFIED,Uses COW to clone state into parallel sandboxes.,Committing successful branch converts potential future to present.,Primary database hosting COW branches and main trunk.,RuVector MinCut acts as immune system to isolate branches.,NOT SPECIFIED,Agent state and parallel sandboxes managed here.,NOT SPECIFIED,NOT SPECIFIED,NOT SPECIFIED,NOT SPECIFIED,ESN identification must precede branch commitment.,Testing/Simulation phase followed by Commitment phase.,ESN identification of mathematically stable timelines.,Stochastic nature of LLMs vs. need for deterministic results.,Specific mechanism for forcing truthfulness to prevent bluffing.,"ATAS, Copy-On-Write (COW), Echo-State Network, winning timeline.",6
Ruflo Meta-Harness: Adaptive Routing and Swarm Coordination,Orchestrates agents via Proportional Intelligence and RuvLTRA routing to match task complexity to capacity.,Swarm coordinator managing task distribution and model selection above data layer.,Routing logic and swarm coordination metadata.,Ensemble simulations and alternate future timelines from debates.,"Tasks, Agent Models (ruvllm, Claude, GPT-4), and Causal Graphs.","Task complexity metrics, model performance, causal nodes.",PostgreSQL/AgentDB (for task context and history).,AgentDB/.rvf (simulation results and routing decisions).,NOT SPECIFIED,Steering project down 'safest path' via ensemble simulations.,NOT SPECIFIED,Provides high-level orchestration determining PG writes.,Uses RuVLTRA for routing and Causal Graph for truthfulness.,Likely used for transient ensemble simulation state.,Stores agent-specific coordination and swarm simulation data.,NOT SPECIFIED,NOT SPECIFIED,Orchestrates agents within the UDS framework.,NOT SPECIFIED,Requires RuvLTRA for analysis before task assignment.,Coordination and Routing phase.,Successful completion of tasks by appropriate models.,NOT SPECIFIED,Schema for 'Causal Graph' and 'system prompt' audit mechanism.,"Proportional Intelligence, RuvLTRA, ensemble simulations.",7
Orchestrating Vector Ingestion and Embedding Workflows,"Separates embedding generation (local Rust binary) from storage (PostgreSQL), using redb as a deduplication buffer.",Ingestion pipeline manager and embedding generator for canonical PostgreSQL.,PostgreSQL (permanent storage of code and vectors).,redb buffer and hash-based deduplication cache.,"Structured code blocks, high-dimensional vectors, text hashes.","Text hashes (for deduplication), vectors (all-MiniLM-L6-v2).",redb buffer (parsed code blocks).,PostgreSQL (permanent commit).,Primary bridge for translating raw text to embedded vectors.,NOT SPECIFIED,NOT SPECIFIED,Final permanent storage for code and vectors.,High-dimensional vectors stored for similarity measurement.,Source for parsed blocks and deduplication cache via hashing.,NOT SPECIFIED,NOT SPECIFIED,Tool acting as the bridge for ingestion and embedding.,NOT SPECIFIED,NOT SPECIFIED,Requires local inference (all-MiniLM-L6-v2) before DB commit.,Ingestion/Inference phase.,Verification of text hashes in redb prevents duplicate compute.,NOT SPECIFIED,Details on COW database branching for concurrent edits.,"all-MiniLM-L6-v2, envctl, redb, Copy-On-Write (COW).",8
The Mathematical Guardrail: Cryptographic Witness Chains,Every agent action and fact must be bound to a SHAKE256 cryptographic audit trail to prevent hallucinations.,Mathematical anti-bluffing mechanism for AgentDB/PostgreSQL to ensure truthfulness.,SHAKE256 audit trails and witness chains linking to source vectors.,Probabilistic LLM outputs prior to verification/binding.,"Facts, code snippets, agent decisions, and historical roots.","SHAKE256 hashes, links to original source vectors.",Original source vectors; AgentDB (.rvf container).,AgentDB (.rvf container); Cryptographic audit trail.,Verifies claims against source vectors before commitment.,Rejects hallucinated or unverified data during update cycle.,NOT SPECIFIED,Deterministic framework for storing verified agent-space facts.,Provides original source vectors that claims must link to.,NOT SPECIFIED,Stores permanently bound witness chains and agent data.,NOT SPECIFIED,NOT SPECIFIED,NOT SPECIFIED,NOT SPECIFIED,Witness chain scanning must occur before data acceptance.,Verification and agent-action commit phase.,A historical root in actual data verified via SHAKE256.,Probabilistic LLMs vs. rigid deterministic framework.,Specific mechanism for mapping causal relationships.,"Cryptographic Witness Chains, anti-bluffing, SHAKE256.",9
Edge Orchestration with High-Frequency Buffering,"redb acts as a zero-copy high-frequency buffer and WAL for agents, flushing state to global PostgreSQL.",High-speed local ingestion layer for agents to buffer logs before committing to canonical Postgres.,NOT SPECIFIED,"Intermediate agent ""thoughts"" and raw trace logs in memory.","Agent activity, execution traces, and intermediate task state.",NOT SPECIFIED,Agent hot runtime,PostgreSQL,High-frequency buffering and Write-Ahead Logging (WAL).,NOT SPECIFIED,NOT SPECIFIED,Global destination for permanent data commitment from redb.,NOT SPECIFIED,Embedded edge database for microsecond-latency writes.,Stores agent-specific intermediate thoughts and cycles.,NOT SPECIFIED,NOT SPECIFIED,NOT SPECIFIED,NOT SPECIFIED,Phase 4 (Materialization) follows this execution/storage logic.,Phase 3 transitioning to Phase 4 (Materialization).,Microsecond write performance and persistence during downtime.,NOT SPECIFIED,Specific schema for flush; synchronization interval details.,"""High-Frequency Buffering"", ""zero-copy"", ""Write-Ahead Log"".",10
Engineering Fully Portable Nix and Rust Static Binaries,Static binaries eliminate /nix/store dependencies for total portability.,Execution layer for the database-managed binaries.,Static binary build configuration.,The /nix/store build artifacts.,Musl-based Rust executables.,x86_64-unknown-linux-musl target.,Nix build instructions.,Portable standalone executable folder.,NOT SPECIFIED,NOT SPECIFIED,Materializes system into an 'install-in-place' release.,Binary runtime that would interface with the DB.,NOT SPECIFIED,NOT SPECIFIED,NOT SPECIFIED,Environment for Nushell initialization and plugins.,NOT SPECIFIED,NOT SPECIFIED,Yazelix and Nix are used to build the static targets.,Strict static compilation enforced during release phase.,Release/Packaging.,Elimination of hardcoded dynamic library paths.,NOT SPECIFIED,Mechanism of agent data streaming via Nushell plugins.,x86_64-unknown-linux-musl; install-in-place; nix-user-chroot,11
Proportional Intelligence and Task Routing in RuvLTRA,"RuvLTRA routes tasks based on complexity, steering the swarm toward stable future timelines.",Routing layer that determines model/agent for task changes in PG before materialization.,Task complexity weights and logic; parallel timeline simulations.,Transient routing decisions; temporary swarm steering paths.,Task complexity; model efficiency tiers; future timelines.,Task ID; Model ID; Complexity Score; Success Metric.,PostgreSQL (task definitions); System state (efficiency logs).,AgentDB (routing instructions); Parallel timeline simulations.,Analyzes incoming task complexity during ingestion.,Steers swarm toward stable paths during branching/decisions.,NOT SPECIFIED,Stores task metadata and complexity history.,Maps tasks to vector-represented model capabilities.,Buffers real-time routing decisions.,Provides per-agent task routing and context.,NOT SPECIFIED,NOT SPECIFIED,Coordinates global prediction within unified data space.,NOT SPECIFIED,Requires task complexity analysis before model escalation.,Global prediction and routing phase.,Mathematical stability of simulated parallel future timelines.,NOT SPECIFIED,Specific mathematical formulas for stability scoring.,Proportional Intelligence; mathematically stable; swarm.,12
Orchestrating Rust and Node Separation with Gitkb Meta,Isolation of Node/napi-rs boilerplate from clean Rust logic via meta-level orchestration.,Orchestrates build/separation of codebase components (core vs bindings).,The .meta configuration file defining project boundaries.,Auto-generated Node bindings and WebAssembly exhaust folders.,Codebase component boundaries and build execution contexts.,NOT SPECIFIED,"ruvector-core, ruvllm (pure Rust directories).",Final release artifacts (untainted by boilerplate).,NOT SPECIFIED,NOT SPECIFIED,Handles materialization of clean release artifacts from source.,Structure for where PostgreSQL logic (RuVector) is compiled.,Defines ruvector-core as 'pure' directory for compilation.,NOT SPECIFIED,NOT SPECIFIED,NOT SPECIFIED,NOT SPECIFIED,NOT SPECIFIED,Functions as an orchestrator similar to Nix for isolation.,Rust compilation must bypass JavaScript/Wasm exhaust folders.,Build/Orchestration phase.,Final release artifact is untainted by napi-rs boilerplate.,Conflicts with models allowing 'tangled monolith' structures.,Specific 'comprehensive system prompt' mentioned.,"gitkb/meta, napi-rs boilerplate, exhaust folders, meta exec.",13
Charting the Chaos: Forecasting Software Trajectories via Temporal Attractors,Project timelines are chaotic but bounded systems predictable via Temporal Strange Attractors and ESNs.,Predictive simulation layer for forecasting trajectories and preventing failures before production writes.,"Temporal Strange Attractors / Mathematical ""shapes"" of trajectories.",Ensemble simulations; 100-step future branches; tweaked variables.,"Project timelines, codebase states, future branches, failure modes.","Codebase state, user prompts, resource availability, ESN weights.","PostgreSQL (codebase state), Swarm signals, User prompts.",NOT SPECIFIED,NOT SPECIFIED,Pre-computes and simulates future branches before PG modification.,NOT SPECIFIED,Source of current codebase state for ESN input.,NOT SPECIFIED,Potential transient storage for ESN ensemble states.,Tracks agent behavior to detect loops in simulation.,NOT SPECIFIED,NOT SPECIFIED,Universal state input for trajectory forecasting.,NOT SPECIFIED,Requires current state and resource data before ESN.,Forecasting/Simulation phase (pre-execution).,Mathematical bounds of trajectories; detection of loops/hallucinations.,NOT SPECIFIED,Mechanism of how simulation feedback prevents production failures.,"Temporal Strange Attractors, Echo-State Networks (ESNs).",14
The Architecture of Simulated Future Timelines,"A predicted future timeline is a structured state graph consisting of diffs, resource forecasts, and failure predictions.",Provides a structured predictive state graph for evaluating paths prior to commit.,"Localized state graph (Diffs, Resource Burn, Failure Nodes).",Predicted future steps derived from current state and failure rates.,"Future timelines, git diffs, resource burn, complexity spikes.",NOT SPECIFIED,"Past agent failure rates, current codebase state.",NOT SPECIFIED,NOT SPECIFIED,Generates projected git diffs for potential future branches.,NOT SPECIFIED,NOT SPECIFIED,Localized state graph structure.,NOT SPECIFIED,NOT SPECIFIED,NOT SPECIFIED,NOT SPECIFIED,NOT SPECIFIED,NOT SPECIFIED,Requires past agent failure rates to predict failure nodes.,Prediction/Simulation phase.,Winning timeline execution by the swarm despite stochasticity.,NOT SPECIFIED,Mechanism for ensuring perfect execution of winning timeline.,"State Diffs, Resource Burn, Complexity Spikes, Failure Nodes.",15
The Four Phases of Database Code Materialization,Code resides in PostgreSQL branches and is materialized into files for build via envctl.,Defines terminal phase where DB-hosted code becomes a filesystem projection for Nix/Yazelix.,PostgreSQL (final production branch),Memory-mapped directory structure and clean filesystem directory.,"Code blocks, module paths, directory structure, and standard files.","module_path metadata, production branch ID.",PostgreSQL,Nix or Yazelix build environment,NOT SPECIFIED,Queries the final production branch for materialization.,Primary: converts database code back into standard directories.,Source of truth for code and module metadata.,NOT SPECIFIED,NOT SPECIFIED,NOT SPECIFIED,NOT SPECIFIED,Orchestrator of the materialization process.,Final stage of the database-to-portable-release lifecycle.,Target environment for the dumped materialization.,Requires PG query results and module_path before building.,Phase 4: Final Materialization/Dumping.,Clean directory dumped into Nix/Yazelix for final compilation.,NOT SPECIFIED,Specific mechanism of how code blocks are 'combined'.,"Final production branch, module_path, clean directory.",16
RuVector: Seamless AI Integration Within PostgreSQL Architecture,RuVector operates natively within PostgreSQL as an extension to eliminate sidecar databases.,Primary engine for vector searches and graph analytics within canonical user-space.,Vector embeddings and graph relationship data.,NOT SPECIFIED,"Relational metadata, vector embeddings, and graph nodes/edges.",Standard SQL schema compatibility.,PostgreSQL tables.,PostgreSQL tables.,Integration of AI logic directly into database during storage.,Enables hybrid searches combining relational and vector filters.,NOT SPECIFIED,Native extension; data lives in standard SQL relations.,Core provider of vector search and graph analytics.,NOT SPECIFIED,NOT SPECIFIED,NOT SPECIFIED,NOT SPECIFIED,Unified storage for AI logic and relational data.,NOT SPECIFIED,Requires PostgreSQL extensibility architecture.,AI operation execution and hybrid search.,Execution of complex AI operations using standard SQL.,Eliminates the need for separate sidecar vector databases.,Implementation of AgentDB or redb in this document.,"sidecar vector database, hybrid searches, extensibility.",17
Foundation Engine,Single frozen foundation model loaded in shared memory to conserve VRAM,Base LLM serving engine for the edge node ecosystem,Frozen base model weights,VRAM residency state,Large Language Model parameters,"Model ID, shared memory address",Local disk storage,Shared memory,NOT SPECIFIED,NOT SPECIFIED,NOT SPECIFIED,NOT SPECIFIED,NOT SPECIFIED,NOT SPECIFIED,NOT SPECIFIED,NOT SPECIFIED,NOT SPECIFIED,NOT SPECIFIED,NOT SPECIFIED,Must be initialized before agent deployment,Phase 2: Milestone 1,Reduced VRAM consumption via shared memory,NOT SPECIFIED,Specific mechanism of shared memory allocation,"ruvllm, foundation model, shared memory, VRAM",18
Agent Deployment (.rvf),MicroLoRA adapters hot-swap into base model in milliseconds via .rvf files,Agent-specific behavioral and skill overrides,Per-agent personality and skill set weights,Active LoRA adapter in VRAM,"Agents, personalities, skills","Agent ID, .rvf path, adapter weights",AgentDB (.rvf files),Base model inference context,NOT SPECIFIED,NOT SPECIFIED,NOT SPECIFIED,NOT SPECIFIED,NOT SPECIFIED,NOT SPECIFIED,Canonical source for MicroLoRA adapters,NOT SPECIFIED,NOT SPECIFIED,NOT SPECIFIED,NOT SPECIFIED,Requires Foundation Engine to be loaded,Phase 2: Milestone 2,Millisecond hot-swapping for unique agent personalities,NOT SPECIFIED,Internal structure of .rvf files,"AgentDB, .rvf, MicroLoRA adapters, hot-swap",18
The Scratchpad (redb),Ultra-fast local AI scratchpad for high-frequency state logging,Transient local buffer for agent 'thoughts' and high-velocity state,Local agent 'thoughts' and high-frequency logs,Transient state changes before sync to PostgreSQL,"Agent logs, state changes, thoughts","Log ID, Agent ID, timestamp, thought content",Agent processes,Local redb file,NOT SPECIFIED,NOT SPECIFIED,NOT SPECIFIED,NOT SPECIFIED,NOT SPECIFIED,Primary storage for the local scratchpad,NOT SPECIFIED,NOT SPECIFIED,NOT SPECIFIED,NOT SPECIFIED,NOT SPECIFIED,Configured after agent deployment,Phase 2: Milestone 3,Lack of network lag during high-frequency logging,NOT SPECIFIED,Persistence or flushing strategy to PostgreSQL,"redb, ultra-fast scratchpad, high-frequency state, thoughts",18
Architecting Nushell Plugin Integration with Redb and PostgreSQL,"Nushell plugins use Rust-native binaries and MessagePack to stream data into redb, synchronized via envctl to PG.",Provides high-performance ingestion layer for code blocks and data into canonical store.,PostgreSQL (Permanent codebase storage),"redb (Transient buffer), MessagePack streams","Parsed code blocks, structured shell data",NOT SPECIFIED,Nushell (via MessagePack),"redb (initially), PostgreSQL (via envctl sync)",Direct streaming of structured data into memory buffers.,NOT SPECIFIED,NOT SPECIFIED,Permanent commit target for synchronized blocks.,NOT SPECIFIED,Intermediate buffer for code blocks before PG commit.,NOT SPECIFIED,Primary interface for capturing user-space data and streaming.,Acts as bridge to synchronize redb buffers to PostgreSQL.,NOT SPECIFIED,NOT SPECIFIED,Plugin feeds redb; envctl commits to PostgreSQL.,Ingestion and synchronization.,Highly optimized MessagePack protocol for streaming.,Replaces need for direct PG plugin by using redb middle tier.,Specific PostgreSQL schema for codebase data.,"MessagePack protocol, Rust-native binary, nu_plugin, envctl.",19
Cognitive Evolution: Redb Versus AgentDB Architecture,Passive key-value storage (redb) vs active self-learning cognitive containers (AgentDB).,Provides differentiated memory backends (passive vs. active) for agents.,AgentDB: Autonomous weights/patterns. redb: Passive KV pairs.,redb: Static retrievals based on external models.,"Memory, cognitive weights, RL outcomes, success/failure logs.","Agent identity, .rvf format, key-value keys.",NOT SPECIFIED,NOT SPECIFIED,NOT SPECIFIED,NOT SPECIFIED,NOT SPECIFIED,NOT SPECIFIED,NOT SPECIFIED,Passive general-purpose KV store; uses static math.,Active self-learning container; autonomous weight adjustment.,NOT SPECIFIED,NOT SPECIFIED,NOT SPECIFIED,NOT SPECIFIED,AgentDB learning depends on success/failure outcomes.,NOT SPECIFIED,Agent success/failure metrics used for autonomous RL.,NOT SPECIFIED,Mathematical models (ESN) and swarm orchestrator (Ruflo).,"passive memory, active memory, cognitive container, .rvf.",20
RuVector MinCut: Deterministic Swarm Integrity and Logic Isolation,Deterministic isolation through subpolynomial time minimum cut graph analysis of agents and code.,Graph-based integrity layer monitoring relations to prevent corrupted logic entering PG.,Mathematical graph of agent communications and dependencies.,Real-time 'weak link' identification and routing states.,"Agent communications, code dependencies, logic flows.","Agent IDs, dependency graph nodes, connection weights.","AgentDB, RuVector graph, real-time agent output.","RuVector graph (severing connections), routing tables.",NOT SPECIFIED,Controls which proposed changes merge based on integrity.,Ensures only verified logic is available for Phase 4.,Protects integrity of canonical PostgreSQL from 'infected' logic.,Primary domain; treats dependencies as a mathematical graph.,NOT SPECIFIED,Monitors agent communication for hallucination/corruption.,NOT SPECIFIED,NOT SPECIFIED,Deterministic integrity gatekeeper for LifeOS.,Influences build graph by severing dependencies.,Operates prior to Phase 4 (Materialization); subpolynomial.,Phase 3 (Integrity/Isolation) leading into Phase 4.,Detection of 'weakest links' in subpolynomial time.,NOT SPECIFIED,Specific mathematical algorithm for subpolynomial min-cut.,"RuVector MinCut, subpolynomial time, logic isolation.",21