Resource title,Source ID,Core architectural claim,PostgreSQL-first LifeOS role,Canonical state,Temporary/derived state,Data/entities,Identity keys/schema,Reads,Writes,Ingestion role,Database edit/branch role,Materialization role,PostgreSQL relation,RuVector relation,redb relation,AgentDB relation,Nushell/nu_plugin relation,envctl relation,LifeOS/UDS relation,Nix/Yazelix relation,Dependencies/order,Task-graph phase,Acceptence evidence,Conflicts,Missing detail,Exact terminology,Source
"Excerpts from ""RuVector: Postgres Extension for AI""",1-255,"PostgreSQL + RuVector is a heavyweight, tiered client-server model and 'cognitive database' serving as the ultimate Trojan horse for Rust-powered AI in standard SQL environments.","Acts as the global, long-term semantic memory, global knowledge base, and heavy relational analytics engine (the 'Global Brain').","Stored in PostgreSQL + RuVector as the editable canonical user-space and codebase, including massive vector indices and Graph Neural Networks (GNNs).",Flat files/directories are derived materializations (projections) generated by envctl; redb handles transient 'scratchpad' state.,"Relational data, JSON metadata, AI vector embeddings, code blocks as structured ASTs, and causal graphs.",230+ native SQL functions; keys include BLAKE3_Hash for deduplication and cryptographic witness chains using SHAKE256.,Hybrid search combining traditional relational filtering with advanced AI vector/graph search in a single SQL query.,High-frequency writes buffered in redb (microseconds) then flushed asynchronously to PostgreSQL (milliseconds).,Nushell + nu_plugin_ruvector parses files into ASTs and streams structured data into redb/PostgreSQL.,COW (Copy-On-Write) branching in .rvf and PostgreSQL allows isolated semantic refactoring and simulations.,envctl projects database rows back into flat files for Nix/Cargo build pipelines.,Primary relational and semantic storage host; replaces flat-file source control with a database-hosted codebase.,"Native Rust extension providing HNSW indexing, GNN capabilities, and 2-4 bit KV-cache quantization.","Local AI scratchpad, high-speed write buffer, and zero-overhead embedding/inference deduplication cache.","Serverless .rvf 'Cognitive Container' for portable agent memory, holding MicroLoRAs and self-learning loops.",Transforms terminal symbols into database structures; native plugin (nu_plugin_ruvector) avoids JSON serialization bottlenecks.,The 'Materializer' and environment controller that manages import/export and syncing between redb and PostgreSQL.,Front-door Mission Control UI communicating via Unix Domain Sockets (UDS) to read shared redb/Postgres state.,Yazelix is the workspace engine; Nix provides deterministic static musl builds to bypass the /nix/store dynamic linking trap.,Nushell -> redb -> Postgres -> RuVector -> Materialization (envctl) -> Nix Build.,Includes Ensemble Simulation (ATAS) and Future Prediction (RuvLTRA) before committing code changes.,"Sub-millisecond queries, 52,000+ inserts/sec, and deterministic isolation of hallucinations via MinCut.",GitHub repository appears 'dirty' due to auto-generated napi-rs/wasm-pack bindings; pristine code is on Crates.io.,Specific implementation of 'FlexNetOS/nu_plugin' beyond redb/Postgres bridge is not fully detailed.,"Temporal Strange Attractor, Echo-State Network, Proportional Intelligence, Semantic IDE, Cognitive Container, Witness Chains.",1
RuVector Cognitive Architecture and Neural Database Logic,2,"Turns PostgreSQL into an active, self-learning brain via native vector search and GNN integration.","Active, self-learning brain and primary storage for the cognitive architecture.",PostgreSQL + RuVector as the editable canonical user-space and codebase.,Flat files/directories as derived materializations.,"Source vectors, code edits, facts, agent successes/failures, and GNN patterns.",Cryptographic Witness Chains and Causal Graph Verification links.,FastGRNN Routing pre-filters data to avoid massive context windows.,Automatic ranking adjustments via SONA and mathematical linking of facts/edits via witness chains.,Self-Optimizing Neural Architecture (SONA) tracking agent feedback.,Causal Graph Verification for every code edit.,Derived materializations of flat files/directories (Inferred).,Primary database platform for the cognitive architecture.,Native vector search and GNN component within PostgreSQL.,Not in source,Not in source,Not in source,Not in source,PostgreSQL-first LifeOS environment (Inferred).,Not in source,Pre-filtering data before LLM processing; cryptographic linking to source vectors.,Complex task routing (RuvLTRA).,Cryptographic Witness Chains and Causal Graph Verification.,Not in source,Specific details on RuvLTRA swarm routing mechanics.,"Self-Optimizing Neural Architecture (SONA), FastGRNN Routing, Cryptographic Witness Chains, Causal Graph Verification.",2
Ruflo Meta-Harness: Adaptive Routing and Swarm Coordination,3,Proportional Intelligence via adaptive routing to manage task complexity across local and cloud models.,Orchestration layer for agent swarm coordination and workload distribution.,PostgreSQL/RuVector serves as the stateful registry for task complexity analysis and routing logs.,Ensemble simulations and alternate future timelines generated during model debates.,"Tasks, agents, models (ruvllm edge, Claude Haiku, Claude Opus, GPT-4), simulations.",Not in source,"Task complexity metrics, model availability, causal graph verification data.","Routing decisions, simulation outcomes, audited architectural paths.",Captures task requirements for RuvLTRA routing engine analysis.,Steering projects down safe paths based on simulated timelines.,Derived system prompts and audited architecture reports.,Primary storage for RuvLTRA routing logic and agent registry.,Vector-based task similarity analysis and ensemble result comparisons.,Not in source,Management of swarm coordination and agent-specific execution history.,Not in source,Not in source,Integrated swarm coordinator within the broader LifeOS architecture.,Not in source,RuvLTRA analysis must precede model assignment; ensemble simulations precede path selection.,"Coordination, Simulation, and Execution/Auditing phases.",Successful routing to model tiers (Lightweight vs. Heavy-hitting) and Causal Graph Verification.,Not in source,Specific PostgreSQL schema definitions and envctl/Nix integration specifics.,"Proportional Intelligence, RuvLTRA, Ensemble Simulations, Causal Graph Verification.",3
The Mathematical Guardrail: Cryptographic Witness Chains,1,Cryptographic Witness Chains act as a mathematical anti-bluffing mechanism to keep AI truthful by binding every fact or decision to a SHAKE256 audit trail.,Foundation for deterministic validation of probabilistic agent outputs.,"AgentDB (.rvf container) stores facts, code snippets, and decisions bound to witness chains.",LLM generated claims and probabilistic outputs prior to deterministic verification.,"Facts, code snippets, agent decisions, SHAKE256 audit trails, source vectors.",SHAKE256 cryptographic audit trail for permanent binding.,System scans for witness chains when LLMs generate claims.,Agent stores facts and decisions in AgentDB (.rvf container).,Not in source,Database rejects hallucinated code or fake endpoints lacking historical roots.,Not in source,Not in source,AgentDB uses .rvf containers for storage.,Not in source,AgentDB acts as the container (.rvf) for witness-bound facts and decisions.,Not in source,Not in source,Not in source,Not in source,Claims must link back to original source vectors; system scans for chain before acceptance.,Verification phase (mathematical guardrail/anti-bluffing).,Existence of a mathematical link back to the original source vector; absence results in rejection.,"Probabilistic nature of LLMs vs. rigid, deterministic framework requirement.",Specific PostgreSQL table schemas and integration with Ruflo/Causal Graph Verification.,"Mathematical Guardrail, Cryptographic Witness Chains, anti-bluffing mechanism, SHAKE256 cryptographic audit trail, .rvf container, historical root.",4
Proportional Intelligence and Task Routing in RuvLTRA,RuvLTRA-Excerpts,"RuvLTRA routes tasks via Proportional Intelligence, mapping task complexity to model efficiency and mathematical stability across simulated timelines.",Central coordination and routing logic repository for model selection and timeline steering.,PostgreSQL + RuVector as the editable source of task routing logic and historical model performance metadata.,Local ruvllm node outputs and transient simulated parallel future timelines.,"Tasks, Models (Claude Haiku, Claude Opus, GPT-4, ruvllm), Parallel future timelines.",Not in source,Task complexity analysis and future timeline simulations.,Model selection assignments and swarm steering directions.,Captures incoming tasks for complexity analysis.,Not in source,Derived materializations of successful paths from simulated timelines.,Not in source,Used for similarity matching between task complexity and model capability vectors.,Not in source,Not in source,Not in source,Not in source,Serves as the intelligence routing layer within the UDS architecture.,Not in source,Requires global prediction mapping before building specific routing components.,Global prediction and routing mapping phase.,Mathematical stability and successful path identification in simulations.,Not in source,"Specific PostgreSQL schema names, plugin names, and local file structure for materializations.","Proportional Intelligence, Task Routing, ruvllm node, parallel future timelines, mathematically stable.",5
The Architecture of Simulated Future Timelines,6,"A predicted future timeline is a highly structured, localized state graph rather than a simple text summary.",Not in source,State Diffs (projected git diffs of the codebase),"Resource Burn forecasts, Complexity Spikes, Failure Nodes","Future timelines, codebase diffs, tokens, API dollars, compute cycles, failure nodes",Not in source,Not in source,Not in source,Not in source,Codebase state diff management,Materialization of projected git diffs at specific future steps,Not in source,Not in source,Not in source,Not in source,Not in source,Not in source,Not in source,Not in source,Timeline steps follow localized state graph structure,Future timeline simulation and swarm execution,Rust compiler panics and API rate limits monitoring,Unpredictable/stochastic models (GPT-4/Claude) vs perfect swarm execution,Specific PostgreSQL schema for timeline storage,"State Diffs, Resource Burn, Complexity Spikes, Failure Nodes, localized state graph",6
The Four Phases of Database Code Materialization,7,PostgreSQL + RuVector serve as the editable canonical codebase while flat files are derived materializations for compilation.,Canonical repository of source code and module metadata.,Database-hosted code blocks and production branch records.,"Standard file directory (.rs, .toml) in Nix/Yazelix build environment.","Code blocks, module_path metadata, production branch, directory structure.",module_path for mapping directory structure.,envctl queries PostgreSQL for production branch and code blocks.,Dumps clean directory into Nix/Yazelix.,Not in source,Selection of the final production branch for materialization.,Converting database-hosted code back into a standard file directory using envctl.,Source of truth for branches and module code blocks.,Not in source,Not in source,Not in source,Not in source,Orchestrator for querying DB and mapping file structures.,Core architecture for lifecycle from ingestion to release.,Target environment for the materialized directory and final compilation.,DB Query -> Memory Mapping -> File Recombination -> Environment Dump.,Materialization (final phase of the lifecycle).,Completion of full lifecycle from database to portable release.,Not in source,Specific ingestion mechanisms and RuVector implementation details for this phase.,"Materialization, database-hosted code, module_path, production branch, clean directory.",7
RuVector: Seamless AI Integration Within PostgreSQL Architecture,8,PostgreSQL extensibility allows native execution of AI operations (vector search/graph analytics) without sidecar databases.,The primary host environment and extensible core for relational and AI data.,PostgreSQL database containing relational data and AI logic.,Not in source,"Relational metadata, vectors, graph analytics data.",Not in source,Standard SQL queries including hybrid searches (relational filtering + vector search).,Not in source,Not in source,Not in source,Not in source,"Base platform providing custom data types, indexing, and functions.",Native PostgreSQL extension for vector searches and AI operations.,Not in source,Host for agents running hybrid searches.,Not in source,Not in source,Not in source,Not in source,PostgreSQL architectural design must exist to support custom extensions.,Not in source,Ability to execute AI operations using standard SQL within Postgres.,Eliminates the need for sidecar vector databases.,"Specific schemas, write protocols, and task-graph lifecycle.","sidecar vector database, hybrid searches, PostgreSQL extension.",8
RuVector MinCut: Deterministic Swarm Integrity and Logic Isolation,1-4,Deterministic swarm integrity via subpolynomial graph monitoring and logic isolation of agents.,Integrated security and logic isolation layer for swarm-based agent communication and code dependencies.,The massive mathematical graph of agent communications and code dependencies.,Rerouted workflows and isolated agent states following a detected minimum cut.,"Agents, communications, code dependencies, workflows, mathematical graph, weakest links.",Not in source,Constant monitoring of the mathematical graph of agent communications.,Deterministic severing of agent connections and rerouting of workflows.,Not in source,Isolation of agents to prevent infection of the main codebase.,Phase 4 (Materialization & Portable Release) for packaging the outcome.,Not in source,RuVector MinCut provides the deterministic isolation logic and graph management.,Not in source,Monitors and isolates agents within the swarm based on logic integrity.,Not in source,Not in source,Not in source,Not in source,Must monitor graph before detecting weak links and severing connections.,Phase 4 (Materialization & Portable Release),Subpolynomial time detection and millisecond-level isolation response.,Not in source,Specific PostgreSQL schema mapping for the graph state is not detailed.,"MinCut, Minimum cuts, Subpolynomial time, Deterministic Swarm Integrity, Logic Isolation.",9
PostgreSQL Semantic Codebase Management,10,Hosting the codebase in PostgreSQL eliminates the need for AI agents to load massive codebases into prompt context by enabling precise SQL/vector queries.,Semantic IDE and codebase host for AI-driven development.,Codebase stored in PostgreSQL tables including functions and structs.,Materialized code blocks or files derived from database queries (Inferred).,"Codeblocks, functions, structs, vector embeddings.",Not in source,Standard SQL and RuVector queries to pull exact functions and dependencies.,Ingestion of codeblocks and generation of vector embeddings.,Generates vector embeddings for code blocks during ingestion into the database.,AI agents pull specific functions/structs to perform targeted edits within the database.,Not in source,Primary storage for code and semantic metadata.,Used to query and retrieve semantically relevant code components.,Not in source,Not in source,Not in source,Not in source,Not in source,Not in source,Vector embedding generation follows or occurs during code ingestion.,Ingestion and Query/Edit phases.,AI agents can edit code without exceeding prompt context limits.,Not in source,"Specific table schemas, materialization process for local file sync, and Nushell/Nix integration details.","PostgreSQL Semantic Codebase Management, Semantic IDE, Code blocks, RuVector.",10
The Three Pillars of Code Ingestion,11,Rapid three-step pipeline converting flat files into a database-hosted codebase.,The permanent commit layer and semantic vector store for the codebase.,PostgreSQL database (hosted codebase and vector embeddings).,"Flat files, workspace files, and local redb cache.","Functions, structs, dependencies, AST blocks, and vector embeddings.",Not in source,Parser reads raw files; envctl pulls from redb.,nu_plugin writes to redb; envctl commits to PostgreSQL.,The primary mechanism for workspace-to-database conversion (Phase 1).,Not in source,Flat files are treated as the source for materializing the database state.,Final permanent storage and semantic vector host.,Not in source,Intermediate local buffer/cache for microsecond latency writes.,Not in source,Nushell acts as the traverser/parser; nu_plugin acts as the structured block buffer.,The bridge synchronizing redb to PostgreSQL and generating embeddings.,Not in source,Not in source,Parser -> Buffer (nu_plugin) -> Bridge (envctl/PostgreSQL).,Phase 1 (Code Ingestion).,Completion of the three-step pipeline converting files to DB blocks.,Not in source,Specific PostgreSQL schema definitions and RuVector implementation details.,"The Parser, The Buffer, The Bridge, Code semantics, Vector embeddings.",11
The envctl Projection Engine: From Database to Directory,12,PostgreSQL is the source of truth for code; directories are ephemeral projections for builds.,Canonical code repository and branch management system.,Database-hosted code and module_path metadata.,"Standard file directory (.rs, .toml) in Nix/Yazelix environments.","module_path metadata, raw_code blocks, production branches.",module_path (directory structure mapping).,Queries PostgreSQL for the final production branch and metadata.,Dumps files into the build environment.,Not in source,Manages and queries production branches for projection.,Concatenates code blocks and maps memory structure to physical files.,Primary source of module paths and raw code.,Not in source,Not in source,Not in source,Not in source,Projection engine that materializes database code to directory.,Not in source,Build environments where the projected directory is dumped.,PostgreSQL Query -> Memory Mapping -> File Concatenation -> Environment Dump.,Projection/Materialization.,Standard .rs and .toml files produced in the build environment.,Not in source,Specific PostgreSQL schema fields beyond module_path and raw_code; ingestion mechanism details.,"Projection, Materialization, Database-hosted code, Production branch.",12
Relational Synthesis: Code Manipulation via Semantic SQL Queries,13,Code manipulation and system interaction are handled via semantic SQL queries against a relational database rather than file-path-based editing.,"Canonical source of truth for codebase and system state, acting as the primary environment for agentic modification.","Stored within PostgreSQL/RuVector database rows, containing function definitions and dependency graphs.",Standard file directories materialized for final compilation.,"Functions, dependency columns, code snippets, and semantic embeddings.",Not in source,Semantic graph queries using standard SQL with RuVector hybrid search (ORDER BY semantic_embedding <->).,Standard SQL UPDATE statements to rewrite code directly within database rows.,Not in source,Agents modify code directly in the database using SQL updates.,envctl materializes database-hosted code into a standard file directory.,Primary engine for standard SQL queries and code storage.,Provides hybrid search and semantic embedding capabilities for pinpointing code by meaning.,Not in source,Agents use SQL to query and modify the system state within the database.,Not in source,Responsible for the materialization of database state into files for compilation.,The database serves as the backbone for the operating system interactions.,Not in source,Agents query dependency columns to trace function interactions across the OS before modification.,Materialization follows the database edit phase to prepare for compilation.,Agents pinpoint functions via semantic search and rewrite them via SQL UPDATE.,Not in source,Specific schema definitions for the identity keys and the exact mechanism of 'hybrid search' implementation details.,"Semantic graph queries, semantic_embedding, materialization, database-hosted code.",13
Yazelix and Nushell Native Plugin Architecture,14,Agents use Rust-native Nushell plugins for optimized binary communication via MessagePack to bypass JSON text serialization.,Not in source,Rust-native binaries and MessagePack streams.,.rvf files or redb; portable release folder.,"Nushell tables, vectorized data.",Not in source,Not in source,Streaming structured data into .rvf files or redb.,Agents streaming structured data from shell to memory via MessagePack.,Not in source,Materializing Nushell tables into vectorized .rvf/redb storage.,PostgreSQL is the intended canonical user-space (contextual requirement).,Data is written into .rvf files (RuVector format).,Data is written into redb.,Not in source,Native plugins built as Rust binaries using MessagePack protocol.,Not in source,Not in source,Yazelix initializes in the background from a portable release folder.,Yazelix/Nushell initialize after portable folder launch.,Initialization and data streaming.,Successful streaming of tables to memory without JSON serialization.,Not in source,Specific PostgreSQL schema definitions; explicit PostgreSQL integration steps.,"Native Nushell plugins, MessagePack protocol, .rvf files, redb, vectorized.",14
The Speed Advantage of NPM for Rust Development,15,NPM is the primary release vehicle for bleeding-edge Rust features to prioritize the TypeScript-based AI market and establish prior art via rapid CI/CD.,The LifeOS front-end (built with TypeScript and Bun) consumes native binaries via NPM to maintain bare-metal speed while accessing new features.,Git repository and CI/CD pipeline cross-compiling to NPM; PostgreSQL is implied as the primary data store by the system architecture context.,Crates.io releases (lagging) and local Bun/NPM materializations.,"Native binaries, C++ extensions, Rust code, AI market components.","NPM package names (e.g., ruvector), branch merge triggers.",Bun reading native C++ extensions into the event loop.,CI/CD pipeline pushing updates to NPM; developers merging new branches.,Automated cross-compilation and pushing updates directly to NPM.,Rapid 'stream of consciousness' development merged from branches to establish prior art.,NPM releases act as the optimized materialization for the Bun-based front-end.,Not in source,Accessed via 'bun add ruvector' as a native extension.,Not in source,Not in source,Not in source,Not in source,Front-end built with TypeScript/Bun utilizing native NPM binaries.,Not in source,Branch merge -> CI/CD cross-compile -> NPM push -> Bun add.,Deployment and release (CI/CD integration).,Successful cross-compilation and availability on NPM before Crates.io.,Updating Crates.io lags behind rapid NPM iterations.,Specific PostgreSQL schema details and exact RuVector Rust-to-JS bridge implementation.,"prior art, stream of consciousness development, native C++ extensions, bleeding-edge.",15