Resource title,Source ID,Core architectural claim,PostgreSQL-first LifeOS role,Canonical state,Temporary/derived state,Data/entities,Identity keys/schema,Reads,Writes,Ingestion role,Database edit/branch role,Materialization role,PostgreSQL relation,RuVector relation,redb relation,AgentDB relation,Nushell/nu_plugin relation,envctl relation,LifeOS/UDS relation,Nix/Yazelix relation,Dependencies/order,Task-graph phase,Acceptance evidence,Conflicts,Missing detail,Exact terminology,Source
Orchestrating Vector Ingestion and Embedding Workflows,1,PostgreSQL is the permanent source of truth for code and vectors; redb acts as a transient deduplication and ingestion buffer.,Permanent storage and similarity measurement engine for code and vectors.,PostgreSQL (vectors and code).,"redb buffer (parsed code blocks), local inference (transient vectors).","Code blocks, high-dimensional vectors, text hashes.",Text hashes (for deduplication in redb).,envctl reads from redb; PostgreSQL handles similarity queries.,envctl writes to PostgreSQL; redb stores initial parsed blocks.,Local inference framework (all-MiniLM-L6-v2) generates vectors from redb blocks.,Copy-On-Write (COW) branching for concurrent agent edits.,PostgreSQL commits represent the final materialization of embedded code.,Permanent sink for both structured code and generated vectors.,Not in source,Deduplication cache and structured code buffer for ingestion.,Manages concurrent agent edits via COW.,Not in source,"Bridge tool orchestrating redb reads, embedding generation, and PostgreSQL writes.",Not in source,Not in source,redb (parsed) -> local embedding model -> envctl -> PostgreSQL.,Ingestion/Embedding/Commitment.,Successful storage of high-dimensional vectors and code in PostgreSQL without duplicate inference.,Not in source,Specific PostgreSQL schema fields; hardware requirements for bare-metal Rust binary.,"Copy-On-Write (COW) database branching, redb buffer, embedding model, high-dimensional vectors.",1
Orchestrating Rust and Node Separation with Gitkb Meta,2,Isolate auto-generated Node bindings from clean Rust code using an orchestrator to maintain parallel codebase peers.,Orchestrator and build boundary manager for codebase components.,"Rust code (ruvector-core, ruvllm) as pure directories.","Node bindings, JavaScript/WebAssembly exhaust, napi-rs boilerplate.","Rust source code, napi-rs bindings, build artifacts.",.meta file definitions.,"Rust directories (ruvector-core, ruvllm).","Release artifacts, build exhaust (bypassed).",Database ingestion is part of the covered lifecycle.,Not in source,"Materializes clean, portable release artifacts by filtering out boilerplate.",Implicitly part of the LifeOS ingestion lifecycle.,RuVector-core is treated as a pure Rust directory/canonical codebase.,Not in source,AI agents are used to verify and build the environment.,Not in source,Not in source,System represents a LifeOS environment lifecycle.,Not in source,Rust compilation must occur on pure directories separate from Node binding generation.,Build orchestration and release artifact generation.,"A clean, portable release artifact untainted by napi-rs boilerplate.",Node bindings described as messy and must be isolated from clean Rust.,Specific PostgreSQL schema and exact database-to-code mapping.,"gitkb/meta, napi-rs boilerplate, exhaust folders, pure directories.",2
Engineering Fully Portable Nix and Rust Static Binaries,3,Force static compilation against musl target to eliminate dynamic library paths for portable install-in-place releases.,Not in source,Not in source,Single standalone executable folder / AppImage / nix-bundle.,"Rust stack, dependencies, nix/store paths.",x86_64-unknown-linux-musl target.,Not in source,Not in source,Not in source,Not in source,Release phase: bundling dependencies into binary.,Not in source,Not in source,Not in source,Agents use native Nushell plugins to stream data.,Agents use native Nushell plugins; Nushell initializes in the background.,Not in source,Not in source,Yazelix initializes in background; Nix provides musl target and bundling tools.,Compile against musl target during release phase.,Release phase.,Elimination of hardcoded dynamic library paths; portable install-in-place.,Not in source,PostgreSQL specific schema and LifeOS database roles not detailed.,"musl build target, nix bundle, install-in-place release.",3
Portable Nix Builds via Musl Static Compilation,4,Static musl compilation eliminates hardcoded Nix store paths to create standalone portable binaries.,Not in source,Rust and JavaScript source code managed via gitkb/meta.,Standalone portable release binaries.,"Rust code, JavaScript code, Dynamic libraries (glibc vs musl).",x86_64-unknown-linux-musl target.,Not in source,Standalone binaries.,Not in source,gitkb/meta isolation.,Final UI communication layer with LifeOS.,Not in source,Not in source,Not in source,Not in source,Not in source,Not in source,Final UI communication layer.,Nix daemon/store dependency elimination.,Static compilation must target musl before portable release.,Release compilation.,Executable does not crash on machines without Nix daemon.,Standard glibc RPATH hardcoding vs Musl static bundling.,Specific PostgreSQL schema for LifeOS state.,"musl target, static compilation, RPATH, standalone portable release.",4
LifeOS Bare Metal Architecture and Communication Pipeline,5,Communication bypasses HTTP/REST for direct UDS or redb file access to ensure instant rendering.,Not in source,PostgreSQL + RuVector (User-space/Codebase).,redb state files; Shared memory-mapped files.,Agent swarm status; Human UI state.,Not in source,LifeOS UI reads shared redb state files.,Agents write to memory-mapped redb files.,Not in source,Not in source,UDS/redb as derived materializations from canonical state.,Canonical user-space source (Inferred).,Canonical codebase source (Inferred).,Memory-mapped shared state file for agent/UI sync.,Not in source,Not in source,Not in source,Direct connection method to Yazelix workspace.,Terminal workspace (Zellij) target for UDS/redb communication.,redb writing must precede UI rendering to avoid overlapping state.,Final workspace initialization; Agent deployment.,Successful mapping from human UI to bare metal.,Avoidance of standard HTTP/REST.,Specific PostgreSQL schema; Ruvnet agent details.,Unix Domain Sockets (UDS); redb; Yazelix; Ruvnet; Overlapping state.,5
Architectural Integration of LifeOS and the Ruvnet Swarm,6,PostgreSQL acts as the primary user-space state while Yazelix manages the workspace engine.,Primary user interface and canonical state holder for user-space.,PostgreSQL + RuVector (User-space/Codebase).,"Flat files, directories, and Zellij/Nushell runtime environment.","Ruvnet agents, workspace configuration, swarm status.",Not in source,UI renders swarm status from shared redb state files or UDS.,Not in source,Not in source,Not in source,Derived materializations from canonical state into flat files.,Canonical user-space and codebase foundation.,Canonical user-space and codebase foundation.,Shared state files for UI rendering of swarm status.,Not in source,Initialized by Yazelix as the primary command environment.,Not in source,Unix Domain Sockets connect the UI to the active agent workspace.,Yazelix acts as the workspace engine; Nix-based portable folder initialization.,Yazelix Launch -> Zellij/Nushell -> Ruvnet Agents -> LifeOS UI connection.,Workspace initialization and Swarm synchronization.,LifeOS opens as primary UI; Ruvnet agents spin up via ruvllm engine.,Not in source,Specific PostgreSQL schema definitions; exact mechanism of RuVector integration.,"PostgreSQL-first, LifeOS, Ruvnet Swarm, Yazelix, UDS, redb, ruvllm.",6
Architecting Nushell Plugin Integration with Redb and PostgreSQL,7,PostgreSQL/RuVector are the editable canonical state; Nushell plugins/redb serve as buffering layers.,Canonical permanent storage and codebase structure management.,PostgreSQL + RuVector (editable user-space/codebase).,"redb (buffered parsed code blocks), Nushell plugin memory, flat files.","Parsed code blocks, codebase data, structured data streams.",Not in source,Agents use standard SQL to query PostgreSQL; Nushell reads via MessagePack.,envctl commits data from redb to PostgreSQL; Nushell plugins write to redb.,Nushell plugin streams structured data into redb via MessagePack.,PostgreSQL + RuVector (editable canonical user-space).,Flat files/directories are treated as derived materializations.,Final permanent destination for codebase data synchronized by envctl.,Editable canonical user-space/codebase component.,Intermediate buffer for parsed code blocks before PostgreSQL commit.,Not in source,Rust-native binary using MessagePack to stream data to redb.,Bridge tool that synchronizes and commits redb blocks to PostgreSQL.,Ecosystem for state management and inter-tool relations.,Not in source,Nushell Plugin -> redb -> envctl -> PostgreSQL.,Ingestion and synchronization phase.,envctl automatically synchronizes blocks permanently into PostgreSQL.,Not in source,Specific PostgreSQL schema for codebase data; RuVector implementation details.,"PostgreSQL-first, canonical state, derived materializations, redb buffer.",7
Database Branching and Concurrent Code Management,8,Database manages concurrent code edits using Copy-On-Write (COW) branching instead of file-system overwrites.,Canonical source of truth for codebase state and agent edit staging.,Isolated database rows representing codebase trunk and staging branches.,Final code exported after successful merge from database rows to files.,"Codebase state, staging branches, agent rewrites, mathematical stability tests.",Not in source,Agents read from isolated database rows/staging branches.,Agents write rewrites to database rows; successful tests trigger merges.,Not in source,COW branching within isolated database rows to prevent 'dirty repository' problems.,Exporting final code from the database after validation.,Primary engine for COW branching and isolated state management.,Not in source,Not in source,Not in source,Not in source,Not in source,Not in source,Not in source,Branching -> Rewrite -> Automated Test -> Merge -> Export.,Validation/Merge Phase (Mathematical stability verification).,Automated tests confirm a branch is mathematically stable.,Prevents agents from overwriting each other's work; eliminates hallucination.,Specific PostgreSQL schema names; exact export mechanism.,"Copy-On-Write (COW) branching, isolated staging branches, main trunk.",8
Edge Node Deployment and Agent Swarm Initialization,9,Deployment of agent swarms to local edge nodes using shared foundation models and hot-swappable adapters.,Canonical source for persistent agent definitions (AgentDB) and system-wide state.,Frozen foundation model in memory and .rvf (AgentDB) files with adapters.,High-frequency state changes and 'thoughts' stored in redb scratchpad.,"Agents, Foundation Models, MicroLoRA adapters, AgentDB files (.rvf).",.rvf file format (AgentDB) containing adapters and personalities.,Base model loaded from memory; adapters swapped into base model.,High-frequency logging of state and thoughts to redb.,Not in source,Not in source,Not in source,Implicitly the primary source for AgentDB file generation and agent metadata.,System context for vector-based search and agent memory retrieval.,Ultra-fast local AI scratchpad for high-frequency state changes.,Uses .rvf files containing MicroLoRA adapters to define agent personality.,Not in source,Not in source,Overall architectural framework for edge node deployment.,Not in source,Foundation Engine must be initialized before Agent Deployment.,Phase 2: Edge Node Deployment and Agent Swarm Initialization.,Agents hot-swapping adapters in milliseconds; state logging without lag.,Not in source,Specific PostgreSQL schema details; how .rvf files are compiled from source.,"Foundation Engine, Agent Swarm, MicroLoRA, .rvf files, redb scratchpad.",9
"Excerpts from ""Edge Orchestration with High-Frequency Buffering""",10,redb serves as a high-frequency edge buffer and Write-Ahead Log for a global PostgreSQL database.,Permanent commitment store for compressed data and global system state.,Global PostgreSQL database (Postgres).,"redb high-frequency buffer, hot runtime state, raw trace logs, intermediate thoughts.","Agents, agent thoughts, trace logs, task cycle data.",Not in source,Zero-copy reads in redb hot runtime; reads from Postgres for global state.,Microsecond-latency writes to redb; background flushes to PostgreSQL.,redb acts as an application-level WAL and high-frequency intake buffer.,Not in source,Phase 4 compiles the final OS from stored state.,Permanent storage and global authority for compressed data.,Not in source,Directly embedded edge buffer for hot runtime state and microsecond writes.,Host for agent thoughts and task cycle traces before persistence.,Not in source,Not in source,Context for the system being compiled in Phase 4.,Not in source,redb (hot runtime) -> background thread sync -> PostgreSQL (permanent commit).,Phase 4 (Materialization & Portable Release).,redb safely acts as an application-level WAL when Postgres is offline.,Not in source,Specific schemas for compressed data flushes; RuVector integration details.,"high-frequency buffer, hot runtime, memory-mapped I/O, Write-Ahead Log.",10
Portable Nix Bundles and Executable Closures,11,"Nix closures can be packed into standalone executable folders to create portable, install-in-place releases.",Not in source,Nix closure packed as a single standalone executable folder.,Materialized portable release running without /nix/store.,"Nix bundles, executable closures, AppImage, swarm agents.",Not in source,Not in source,Not in source,Not in source,Not in source,"Creates a completely portable, ""install-in-place"" release bypassing /nix/store.",Not in source,Not in source,Not in source,Relates to how swarm agents spin up once the executable is launched.,Not in source,Not in source,Not in source,"Utilizes nix bundle, nix-user-chroot, and pkgs.buildEnv.",Requires nix bundle combined with pkgs.buildEnv before launching swarm agents.,Not in source,Standalone executable folder runs on any machine without needing /nix/store.,Not in source,Specific PostgreSQL integration points or LifeOS-specific schema mappings.,"Portable Nix Bundles, Executable Closures, install-in-place, swarm agents.",11
Modular Intelligence: The Ruvnet AgentDB Framework,12,Agents are deployed as self-contained .rvf AgentDB files running on a single frozen foundation model.,Not in source,"AgentDB (.rvf) files containing MicroLoRA Adapters, SONA, and FastGRNN.",Hot-swapped parameter weights in base model memory.,"Agents, MicroLoRA Adapters, SONA learning loops, FastGRNN memory graphs.",.rvf file format.,FastGRNN pre-filters memory for LLM focus.,SONA tracks successes/failures to adjust behavior.,Not in source,Not in source,Not in source,Not in source,Not in source,Not in source,Primary container (.rvf) for agent intelligence and memory.,Not in source,Not in source,Not in source,Not in source,Requires ruvllm on edge nodes and a frozen foundation model.,Not in source,Ability to deploy 50 unique agents on the footprint of one base model.,Not in source,Specific PostgreSQL integration details are not mentioned.,"AgentDB (.rvf), MicroLoRA Adapters, SONA, FastGRNN Routing.",12
Autonomous Database Transformation and Swarm Defense Mechanisms,13,Rewriting the operating system directly inside the database via agents and SQL updates.,The primary editable canonical environment and substrate for system logic.,PostgreSQL database rows containing code functions and RuVector embeddings.,Flat files/directories (materialized only in Phase 4).,"Code functions, semantic embeddings, dependency graphs, cryptographic witnesses.",SQL rows and semantic vectors.,SQL and RuVector hybrid search (semantic_embedding <=> operator).,Direct UPDATE statements on database rows.,Not in source,Swarm agents rewriting code via SQL; Truth Verification via Cryptographic Witness Chains.,Phase 4 (Materialization & Portable Release) for final deployment.,Master host for OS logic; allows UPDATE-based editing of code.,Provides hybrid search for semantic editing and MinCut for swarm defense.,Not in source,Environment where swarm agents operate and are monitored by MinCut.,Not in source,Not in source,Universal Data Substrate where system transformation occurs.,Not in source,Semantic Editing -> Swarm Defense -> Truth Verification -> Materialization.,Phase 3 (Transformation) and Phase 4 (Materialization).,Cryptographic Witness Chains linking code to source vectors.,Not in source,Specific identity schema for Witness Chains; transition mechanism to Phase 4.,"Semantic Editing, RuVector MinCut, Cryptographic Witness Chains, Swarm Defense.",13
Deterministic Timeline Selection via Agentic Temporal Branching,14,Guaranteed swarm execution of winning timelines via Copy-On-Write (COW) branching and ESN identification.,Canonical state store for staging and main trunk branches.,The main trunk representing the merged 'successful future'.,Parallel isolated staging branches (sandboxes) for testing futures.,"Agent current state, timeline branches, AI model actions.",Not in source,Not in source,Commits specific branch to main trunk; clones state into staging.,Not in source,Agentic Temporal Attractor Studio (ATAS) uses COW branching to clone agent state.,Not in source,Primary database for isolated staging and main trunk persistence.,RuVector MinCut acts as a real-time immune system to isolate failing branches.,Not in source,Not in source,Not in source,Not in source,Not in source,Not in source,Isolated sandboxing -> Echo-State Network identification -> Trunk commitment.,Staging -> Mathematical stability identification -> Trunk merge.,Winning timeline is merged instantly; model never asked to do work twice.,"AI models are stochastic, resolved by COW branching.",Specific PostgreSQL schema fields; exact Echo-State Network parameters.,"Copy-On-Write (COW) branching, ATAS, RuVector MinCut, Echo-State Network.",14
Charting the Chaos: Forecasting Software Trajectories via Temporal Attractors,15,Project timelines are forecasted as chaotic systems using Temporal Strange Attractors and Echo-State Networks.,Not in source,Current codebase state and user prompts.,Ensemble simulations and predicted future timelines (up to 100 steps ahead).,"Codebase state, user prompts, swarm resources, ESN instances, trajectory shapes.",Not in source,"Current codebase state, user prompts, swarm resources.",Predicted future branches/trajectories.,Feeding current codebase state and prompts into ESNs.,Mapping out distinct future branches/simulations.,Not in source,Not in source,Not in source,Not in source,Not in source,Not in source,Not in source,Not in source,Not in source,Input state -> ESN calculation -> Ensemble simulation -> Trajectory validation.,Forecasting/Simulation.,Mathematical bounds (avoiding hallucination or recursive loops).,Not in source,Specific PostgreSQL schema for storing trajectories; integration with RuVector.,"Temporal Strange Attractors, Echo-State Networks (ESNs), Ensemble simulation.",15
"Excerpts from ""Cognitive Evolution: Redb Versus AgentDB Architecture""",16,Differentiation between passive memory (redb) and active self-learning memory (AgentDB).,Not in source,AgentDB (.rvf file) acts as active cognitive state.,redb as a passive general-purpose key-value store.,"Agents, weights, ranking patterns, mathematical models (Echo-State Networks).",Not in source,Static math retrieval for redb; autonomous ranking for AgentDB.,Manual retraining for redb; reinforcement learning updates for AgentDB.,Not in source,Not in source,Not in source,Not in source,Not in source,Passive general-purpose key-value store for static retrieval.,Active self-learning cognitive container in .rvf format.,Not in source,Not in source,Not in source,Not in source,Agents lead to swarm orchestration (Ruflo).,Prediction of future project timelines.,Agent success/failure feedback loop.,Not in source,Specific PostgreSQL integration details are not explicitly described.,"Passive memory, Active memory, .rvf file, Swarm orchestrator (Ruflo).",16