record_id,correlation_id,work_order_id,timestamp_utc,source_cwd,workspace_cwd,source_repo,command,output_paths,exit_code,redaction,notes,executable,source
COMMAND-001,CDB064,TASK-CDB064,2026-07-02T01:02:12.731033+00:00,/mnt/data/nu_plugin_codedb_build_workspace/extracted/nu_plugin_codedb_execution_pack_v1_1,src/nu_plugin,nu_plugin_codedb_execution_pack_v1_1,verify source ZIP extraction gate,src/nu_plugin/manifests/EXTRACTION_PROOF.json;src/nu_plugin/logs/CDB064-extraction-proof.log,0,no raw secrets recorded,Confirmed extracted files exist before package construction.,false,"{""commit"":""c84740532ded2a27ee283ea7a3a5f303eaeb61a7"",""csv_row"":2,""path"":""execution/COMMAND_LEDGER.csv"",""record"":1,""sha256"":""e230d1c64568e8642429f7198e97fd22c86025bdc3f14f694a9e7e784e405991""}"
COMMAND-002,CDB006,TASK-CDB006,2026-07-02T01:02:12.749276+00:00,/mnt/data/nu_plugin_codedb_build_workspace/extracted/nu_plugin_codedb_execution_pack_v1_1,src/nu_plugin,nu_plugin_codedb_execution_pack_v1_1,create documentation artifacts for CDB006,src/nu_plugin/docs/ARCHITECTURE.md;src/nu_plugin/logs/CDB006-architecture.log,0,no raw secrets recorded,Generated execution-package documentation from canonical PRD.,false,"{""commit"":""c84740532ded2a27ee283ea7a3a5f303eaeb61a7"",""csv_row"":3,""path"":""execution/COMMAND_LEDGER.csv"",""record"":2,""sha256"":""e230d1c64568e8642429f7198e97fd22c86025bdc3f14f694a9e7e784e405991""}"
COMMAND-003,CDB007,TASK-CDB007,2026-07-02T01:02:12.751294+00:00,/mnt/data/nu_plugin_codedb_build_workspace/extracted/nu_plugin_codedb_execution_pack_v1_1,src/nu_plugin,nu_plugin_codedb_execution_pack_v1_1,create documentation artifacts for CDB007,src/nu_plugin/docs/SCHEMA.md;src/nu_plugin/logs/CDB007-schema.log,0,no raw secrets recorded,Generated execution-package documentation from canonical PRD.,false,"{""commit"":""c84740532ded2a27ee283ea7a3a5f303eaeb61a7"",""csv_row"":4,""path"":""execution/COMMAND_LEDGER.csv"",""record"":3,""sha256"":""e230d1c64568e8642429f7198e97fd22c86025bdc3f14f694a9e7e784e405991""}"
COMMAND-004,CDB008,TASK-CDB008,2026-07-02T01:02:12.753719+00:00,/mnt/data/nu_plugin_codedb_build_workspace/extracted/nu_plugin_codedb_execution_pack_v1_1,src/nu_plugin,nu_plugin_codedb_execution_pack_v1_1,create documentation artifacts for CDB008,src/nu_plugin/docs/COMMANDS.md;src/nu_plugin/logs/CDB008-commands.log,0,no raw secrets recorded,Generated execution-package documentation from canonical PRD.,false,"{""commit"":""c84740532ded2a27ee283ea7a3a5f303eaeb61a7"",""csv_row"":5,""path"":""execution/COMMAND_LEDGER.csv"",""record"":4,""sha256"":""e230d1c64568e8642429f7198e97fd22c86025bdc3f14f694a9e7e784e405991""}"
COMMAND-005,CDB009,TASK-CDB009,2026-07-02T01:02:12.755401+00:00,/mnt/data/nu_plugin_codedb_build_workspace/extracted/nu_plugin_codedb_execution_pack_v1_1,src/nu_plugin,nu_plugin_codedb_execution_pack_v1_1,create documentation artifacts for CDB009,src/nu_plugin/docs/INTEGRATION_CONTRACTS.md;src/nu_plugin/logs/CDB009-integration.log,0,no raw secrets recorded,Generated execution-package documentation from canonical PRD.,false,"{""commit"":""c84740532ded2a27ee283ea7a3a5f303eaeb61a7"",""csv_row"":6,""path"":""execution/COMMAND_LEDGER.csv"",""record"":5,""sha256"":""e230d1c64568e8642429f7198e97fd22c86025bdc3f14f694a9e7e784e405991""}"
COMMAND-006,CDB010,TASK-CDB010,2026-07-02T01:02:12.756935+00:00,/mnt/data/nu_plugin_codedb_build_workspace/extracted/nu_plugin_codedb_execution_pack_v1_1,src/nu_plugin,nu_plugin_codedb_execution_pack_v1_1,create documentation artifacts for CDB010,src/nu_plugin/docs/SECURITY_AND_SECRET_POLICY.md;src/nu_plugin/docs/UNSAFE_CAPTURE_POLICY.md;src/nu_plugin/logs/CDB010-security.log,0,no raw secrets recorded,Generated execution-package documentation from canonical PRD.,false,"{""commit"":""c84740532ded2a27ee283ea7a3a5f303eaeb61a7"",""csv_row"":7,""path"":""execution/COMMAND_LEDGER.csv"",""record"":6,""sha256"":""e230d1c64568e8642429f7198e97fd22c86025bdc3f14f694a9e7e784e405991""}"
COMMAND-007,CDB011,TASK-CDB011,2026-07-02T01:02:12.758573+00:00,/mnt/data/nu_plugin_codedb_build_workspace/extracted/nu_plugin_codedb_execution_pack_v1_1,src/nu_plugin,nu_plugin_codedb_execution_pack_v1_1,create documentation artifacts for CDB011,src/nu_plugin/docs/CODEX_BRIDGE.md;src/nu_plugin/docs/NUSHELL_PLUGIN_COMPAT.md;src/nu_plugin/docs/YAZELIX_PLACEMENT.md;src/nu_plugin/logs/CDB011-bridge.log,0,no raw secrets recorded,Generated execution-package documentation from canonical PRD.,false,"{""commit"":""c84740532ded2a27ee283ea7a3a5f303eaeb61a7"",""csv_row"":8,""path"":""execution/COMMAND_LEDGER.csv"",""record"":7,""sha256"":""e230d1c64568e8642429f7198e97fd22c86025bdc3f14f694a9e7e784e405991""}"
COMMAND-008,CDB012,TASK-CDB012,2026-07-02T01:02:12.760471+00:00,/mnt/data/nu_plugin_codedb_build_workspace/extracted/nu_plugin_codedb_execution_pack_v1_1,src/nu_plugin,nu_plugin_codedb_execution_pack_v1_1,create documentation artifacts for CDB012,src/nu_plugin/docs/TEST_PLAN.md;src/nu_plugin/docs/FIXTURE_MATRIX.md;src/nu_plugin/logs/CDB012-tests-docs.log,0,no raw secrets recorded,Generated execution-package documentation from canonical PRD.,false,"{""commit"":""c84740532ded2a27ee283ea7a3a5f303eaeb61a7"",""csv_row"":9,""path"":""execution/COMMAND_LEDGER.csv"",""record"":8,""sha256"":""e230d1c64568e8642429f7198e97fd22c86025bdc3f14f694a9e7e784e405991""}"
COMMAND-009,CDB065,TASK-CDB065,2026-07-02T01:02:12.780652+00:00,/mnt/data/nu_plugin_codedb_build_workspace/extracted/nu_plugin_codedb_execution_pack_v1_1,src/nu_plugin,nu_plugin_codedb_execution_pack_v1_1,augment TASK_GRAPH.csv and create TASK_GRAPH.md,src/nu_plugin/execution/TASK_GRAPH.csv;src/nu_plugin/execution/TASK_GRAPH.md;src/nu_plugin/logs/CDB065-task-graph-final.log,0,no raw secrets recorded,"Added required controlled-execution columns, CDB064-CDB067, and Markdown projection.",false,"{""commit"":""c84740532ded2a27ee283ea7a3a5f303eaeb61a7"",""csv_row"":10,""path"":""execution/COMMAND_LEDGER.csv"",""record"":9,""sha256"":""e230d1c64568e8642429f7198e97fd22c86025bdc3f14f694a9e7e784e405991""}"
COMMAND-010,CDB066,TASK-CDB066,2026-07-02T01:02:12.786455+00:00,/mnt/data/nu_plugin_codedb_build_workspace/extracted/nu_plugin_codedb_execution_pack_v1_1,src/nu_plugin,nu_plugin_codedb_execution_pack_v1_1,create checklist completion evidence map,src/nu_plugin/CHECKLIST_COMPLETION.md;src/nu_plugin/manifests/CHECKLIST_COMPLETION.json;src/nu_plugin/logs/CDB066-checklist-completion.log,0,no raw secrets recorded,Mapped every checklist checkbox to a completed artifact or controlled task-graph gate.,false,"{""commit"":""c84740532ded2a27ee283ea7a3a5f303eaeb61a7"",""csv_row"":11,""path"":""execution/COMMAND_LEDGER.csv"",""record"":10,""sha256"":""e230d1c64568e8642429f7198e97fd22c86025bdc3f14f694a9e7e784e405991""}"
COMMAND-011,CDB067,TASK-CDB067,2026-07-02T01:02:13.053614+00:00,/mnt/data/nu_plugin_codedb_build_workspace/extracted/nu_plugin_codedb_execution_pack_v1_1,src/nu_plugin,nu_plugin_codedb_execution_pack_v1_1,validate and seal final execution package,src/nu_plugin/manifests/PACKAGE_VALIDATION.json;src/nu_plugin/manifests/PACK_MANIFEST.json;src/nu_plugin/manifests/CHECKSUMS.sha256;src/nu_plugin/logs/CDB067-final-validation.log,0,no raw secrets recorded,"Validated links, task graph DAG, checklist mapping, checksums, required files, and secret hygiene.",false,"{""commit"":""c84740532ded2a27ee283ea7a3a5f303eaeb61a7"",""csv_row"":12,""path"":""execution/COMMAND_LEDGER.csv"",""record"":11,""sha256"":""e230d1c64568e8642429f7198e97fd22c86025bdc3f14f694a9e7e784e405991""}"
COMMAND-012,CDB067,TASK-CDB067,2026-07-02T01:02:55.125146+00:00,/mnt/data/nu_plugin_codedb_build_workspace/extracted/nu_plugin_codedb_execution_pack_v1_1,src/nu_plugin,nu_plugin_codedb_execution_pack_v1_1,final reseal after ledger/worklog/log updates,src/nu_plugin/manifests/PACK_MANIFEST.json;src/nu_plugin/manifests/CHECKSUMS.sha256;src/nu_plugin/manifests/PACKAGE_VALIDATION.json,0,no raw secrets recorded,Recomputed manifest/checksums after all mutable evidence files were finalized.,false,"{""commit"":""c84740532ded2a27ee283ea7a3a5f303eaeb61a7"",""csv_row"":13,""path"":""execution/COMMAND_LEDGER.csv"",""record"":12,""sha256"":""e230d1c64568e8642429f7198e97fd22c86025bdc3f14f694a9e7e784e405991""}"
COMMAND-013,CDB068,TASK-CDB068,2026-07-02T01:44:15Z,/mnt/data/nu_plugin_codedb_final_execution_package_csv_sot_repaired,src/nu_plugin,nu_plugin_codedb_final_execution_package,repair TASK_GRAPH.csv source-of-truth path linkage from csv_doc_link_audit.md,src/nu_plugin/execution/TASK_GRAPH.csv;src/nu_plugin/execution/TASK_GRAPH.md;src/nu_plugin/execution/TASK_FILE_MAP.csv;src/nu_plugin/manifests/CSV_SOURCE_OF_TRUTH_REPAIR.json;src/nu_plugin/logs/CDB000-package-init.log;src/nu_plugin/logs/CDB001-navigation.log;src/nu_plugin/logs/CDB002-gates.log;src/nu_plugin/logs/CDB003-task-graph.log;src/nu_plugin/logs/CDB004-ledger.log;src/nu_plugin/logs/CDB005-manifest.log;src/nu_plugin/logs/CDB068-csv-source-of-truth-repair.log,0,no raw secrets recorded,Surgical CSV/package repair; no Rust implementation rows marked complete.,false,"{""commit"":""c84740532ded2a27ee283ea7a3a5f303eaeb61a7"",""csv_row"":14,""path"":""execution/COMMAND_LEDGER.csv"",""record"":13,""sha256"":""e230d1c64568e8642429f7198e97fd22c86025bdc3f14f694a9e7e784e405991""}"
COMMAND-014,CDB069,TASK-CDB069,2026-07-02T15:45:00Z,/home/flexnetos/FlexNetOS/src/nu_plugin-next-worktree,src/nu_plugin,FlexNetOS/nu_plugin,complete post-audit upgrade hardening without downgrades,src/nu_plugin/docs/AUDIT_UPGRADE_COMPLETION.md;src/nu_plugin/.github/workflows/ci.yml;src/nu_plugin/flake.nix;src/nu_plugin/Cargo.toml;src/nu_plugin/Cargo.lock;src/nu_plugin/NAVIGATION.md;src/nu_plugin/NAVIGATION.json;src/nu_plugin/DOC_GRAPH.md;src/nu_plugin/execution/TASK_GRAPH.csv;src/nu_plugin/execution/TASK_GRAPH.md;src/nu_plugin/execution/TASK_FILE_MAP.csv;src/nu_plugin/logs/CDB069-audit-upgrade-completion.log,0,no raw secrets recorded,Added supported CI shell and Nu smoke lane; documented Git repo authority over stale Downloads package; preserved remaining product gaps as forward work.,false,"{""commit"":""c84740532ded2a27ee283ea7a3a5f303eaeb61a7"",""csv_row"":15,""path"":""execution/COMMAND_LEDGER.csv"",""record"":14,""sha256"":""e230d1c64568e8642429f7198e97fd22c86025bdc3f14f694a9e7e784e405991""}"
COMMAND-015,CDB070,TASK-CDB070,2026-07-02T17:50:43Z,/home/flexnetos/FlexNetOS/src/nu_plugin-next-worktree,src/nu_plugin,FlexNetOS/nu_plugin,create bidirectional roadmap package from issue 212,src/nu_plugin/docs/BIDIRECTIONAL_ROADMAP.md;src/nu_plugin/docs/BIDIRECTIONAL_ARCHITECTURE.md;src/nu_plugin/docs/ROUND_TRIP_PROOF.md;src/nu_plugin/docs/CHANGE_PLAN_SCHEMA.md;src/nu_plugin/docs/MUTATION_POLICY.md;src/nu_plugin/docs/GAP_CLOSURE_PLAN.md;src/nu_plugin/execution/BIDIRECTIONAL_TASK_GRAPH.csv;src/nu_plugin/execution/BIDIRECTIONAL_TASK_FILE_MAP.csv;src/nu_plugin/scripts/validate_bidirectional_package.py,0,no raw secrets recorded,Loaded CDB070-CDB090 into GitKB and created the source roadmap package with read-only defaults preserved.,false,"{""commit"":""c84740532ded2a27ee283ea7a3a5f303eaeb61a7"",""csv_row"":16,""path"":""execution/COMMAND_LEDGER.csv"",""record"":15,""sha256"":""e230d1c64568e8642429f7198e97fd22c86025bdc3f14f694a9e7e784e405991""}"
COMMAND-016,CDB071,TASK-CDB071,2026-07-02T17:50:43Z,/home/flexnetos/FlexNetOS/src/nu_plugin-next-worktree,src/nu_plugin,FlexNetOS/nu_plugin,prove read-only bidirectional defaults in CLI Nu plugin and MCP,src/nu_plugin/crates/codedb/src/main.rs;src/nu_plugin/crates/nu_plugin_codedb/src/main.rs;src/nu_plugin/crates/codedb_mcp/src/lib.rs;src/nu_plugin/execution/BIDIRECTIONAL_TASK_GRAPH.csv;src/nu_plugin/logs/CDB071-read-only-foundation.log,0,no raw secrets recorded,Added focused tests proving no default apply/patch/source-overwrite/git-mutation/sync-bidirectional command surfaces and MCP raw/mutating tools remain blocked.,false,"{""commit"":""c84740532ded2a27ee283ea7a3a5f303eaeb61a7"",""csv_row"":17,""path"":""execution/COMMAND_LEDGER.csv"",""record"":16,""sha256"":""e230d1c64568e8642429f7198e97fd22c86025bdc3f14f694a9e7e784e405991""}"
COMMAND-017,CDB070,TASK-CDB070,2026-07-02T17:56:53Z,/home/flexnetos/FlexNetOS/src/nu_plugin-next-worktree,src/nu_plugin,FlexNetOS/nu_plugin,close GitKB evidence audit task after synced validation,src/nu_plugin/.kb/workspaces/nu_plugin-next-worktree/tasks/cdb070-bidirectional-phase-0-evidence-audit.md;src/nu_plugin/execution/BIDIRECTIONAL_TASK_GRAPH.csv;src/nu_plugin/execution/WORKLOG.md;src/nu_plugin/execution/COMMAND_LEDGER.csv,0,no raw secrets recorded,Validated bidirectional package and truth surface before marking CDB070 complete.,false,"{""commit"":""c84740532ded2a27ee283ea7a3a5f303eaeb61a7"",""csv_row"":18,""path"":""execution/COMMAND_LEDGER.csv"",""record"":17,""sha256"":""e230d1c64568e8642429f7198e97fd22c86025bdc3f14f694a9e7e784e405991""}"
COMMAND-018,CDB072,TASK-CDB072,2026-07-02T17:56:53Z,/home/flexnetos/FlexNetOS/src/nu_plugin-next-worktree,src/nu_plugin,FlexNetOS/nu_plugin,implement lossless artifact metadata and round-trip fixtures,src/nu_plugin/crates/codedb_store_redb/src/lib.rs;src/nu_plugin/flake.nix;src/nu_plugin/docs/ROUND_TRIP_PROOF.md;src/nu_plugin/docs/GAP_CLOSURE_PLAN.md;src/nu_plugin/docs/BIDIRECTIONAL_ARCHITECTURE.md;src/nu_plugin/execution/BIDIRECTIONAL_TASK_GRAPH.csv;src/nu_plugin/logs/CDB072-round-trip-artifacts.log,0,no raw secrets recorded,Added exact-byte non-Rust binary fixture Unix executable-bit restoration fixture and runnable clippy gate.,false,"{""commit"":""c84740532ded2a27ee283ea7a3a5f303eaeb61a7"",""csv_row"":19,""path"":""execution/COMMAND_LEDGER.csv"",""record"":18,""sha256"":""e230d1c64568e8642429f7198e97fd22c86025bdc3f14f694a9e7e784e405991""}"
COMMAND-019,CDB073,TASK-CDB073,2026-07-02T18:02:33Z,/home/flexnetos/FlexNetOS/src/nu_plugin-next-worktree,src/nu_plugin,FlexNetOS/nu_plugin,implement reviewable change-plan graph and drift conflict proof,src/nu_plugin/crates/codedb_core/src/lib.rs;src/nu_plugin/docs/CHANGE_PLAN_SCHEMA.md;src/nu_plugin/execution/BIDIRECTIONAL_TASK_GRAPH.csv;src/nu_plugin/logs/CDB073-change-plan-graph.log,0,no raw secrets recorded,Added no-apply change-plan row projection and source snapshot drift conflict tests.,false,"{""commit"":""c84740532ded2a27ee283ea7a3a5f303eaeb61a7"",""csv_row"":20,""path"":""execution/COMMAND_LEDGER.csv"",""record"":19,""sha256"":""e230d1c64568e8642429f7198e97fd22c86025bdc3f14f694a9e7e784e405991""}"
COMMAND-020,CDB074,TASK-CDB074,2026-07-02T18:05:03Z,/home/flexnetos/FlexNetOS/src/nu_plugin-next-worktree,src/nu_plugin,FlexNetOS/nu_plugin,implement isolated worktree patch artifact guard,src/nu_plugin/crates/codedb_core/src/lib.rs;src/nu_plugin/docs/ROUND_TRIP_PROOF.md;src/nu_plugin/docs/MUTATION_POLICY.md;src/nu_plugin/execution/BIDIRECTIONAL_TASK_GRAPH.csv;src/nu_plugin/logs/CDB074-isolated-worktree-patches.log,0,no raw secrets recorded,Added guarded patch artifact writer that refuses source checkout targets and requires proof gates.,false,"{""commit"":""c84740532ded2a27ee283ea7a3a5f303eaeb61a7"",""csv_row"":21,""path"":""execution/COMMAND_LEDGER.csv"",""record"":20,""sha256"":""e230d1c64568e8642429f7198e97fd22c86025bdc3f14f694a9e7e784e405991""}"
COMMAND-021,CDB075,TASK-CDB075,2026-07-02T18:09:07Z,/home/flexnetos/FlexNetOS/src/nu_plugin-next-worktree,src/nu_plugin,FlexNetOS/nu_plugin,implement operator-approved apply gate validation,src/nu_plugin/crates/codedb_core/src/lib.rs;src/nu_plugin/docs/CHANGE_PLAN_SCHEMA.md;src/nu_plugin/docs/MUTATION_POLICY.md;src/nu_plugin/execution/BIDIRECTIONAL_TASK_GRAPH.csv;src/nu_plugin/logs/CDB075-apply-gate.log,0,no raw secrets recorded,Added apply-gate validator requiring approval provenance stop proof manual decision source stability and recovery refs.,false,"{""commit"":""c84740532ded2a27ee283ea7a3a5f303eaeb61a7"",""csv_row"":22,""path"":""execution/COMMAND_LEDGER.csv"",""record"":21,""sha256"":""e230d1c64568e8642429f7198e97fd22c86025bdc3f14f694a9e7e784e405991""}"
COMMAND-022,CDB076,TASK-CDB076,2026-07-02T18:11:30Z,/home/flexnetos/FlexNetOS/src/nu_plugin-next-worktree,src/nu_plugin,FlexNetOS/nu_plugin,implement bidirectional sync verification semantics,src/nu_plugin/crates/codedb_core/src/lib.rs;src/nu_plugin/docs/BIDIRECTIONAL_ARCHITECTURE.md;src/nu_plugin/docs/CHANGE_PLAN_SCHEMA.md;src/nu_plugin/execution/BIDIRECTIONAL_TASK_GRAPH.csv;src/nu_plugin/logs/CDB076-sync-semantics.log,0,no raw secrets recorded,Added sync evaluator for source drift conflicts final rescan verification and recovery rows.,false,"{""commit"":""c84740532ded2a27ee283ea7a3a5f303eaeb61a7"",""csv_row"":23,""path"":""execution/COMMAND_LEDGER.csv"",""record"":22,""sha256"":""e230d1c64568e8642429f7198e97fd22c86025bdc3f14f694a9e7e784e405991""}"
COMMAND-023,CDB077,TASK-CDB077,2026-07-02T18:13:55Z,/home/flexnetos/FlexNetOS/src/nu_plugin-next-worktree,src/nu_plugin,FlexNetOS/nu_plugin,gate compiler-observed macro expansion as explicit gap,src/nu_plugin/crates/codedb_rust_static/src/lib.rs;src/nu_plugin/docs/GAP_CLOSURE_PLAN.md;src/nu_plugin/execution/BIDIRECTIONAL_TASK_GRAPH.csv;src/nu_plugin/logs/CDB077-macro-expansion-gate.log,0,no raw secrets recorded,Added macro expansion gate rows with gap status and fixture proof.,false,"{""commit"":""c84740532ded2a27ee283ea7a3a5f303eaeb61a7"",""csv_row"":24,""path"":""execution/COMMAND_LEDGER.csv"",""record"":23,""sha256"":""e230d1c64568e8642429f7198e97fd22c86025bdc3f14f694a9e7e784e405991""}"
COMMAND-024,CDB078,TASK-CDB078,2026-07-02T18:16:15Z,/home/flexnetos/FlexNetOS/src/nu_plugin-next-worktree,src/nu_plugin,FlexNetOS/nu_plugin,prove proc-macro execution unsafe gate,src/nu_plugin/crates/codedb_build_capture/src/lib.rs;src/nu_plugin/docs/GAP_CLOSURE_PLAN.md;src/nu_plugin/execution/BIDIRECTIONAL_TASK_GRAPH.csv;src/nu_plugin/logs/CDB078-proc-macro-gate.log,0,no raw secrets recorded,Added proc-macro execution refusal gap and approval provenance fixture proof.,false,"{""commit"":""c84740532ded2a27ee283ea7a3a5f303eaeb61a7"",""csv_row"":25,""path"":""execution/COMMAND_LEDGER.csv"",""record"":24,""sha256"":""e230d1c64568e8642429f7198e97fd22c86025bdc3f14f694a9e7e784e405991""}"
COMMAND-025,CDB079,TASK-CDB079,2026-07-02T18:18:26Z,/home/flexnetos/FlexNetOS/src/nu_plugin-next-worktree,src/nu_plugin,FlexNetOS/nu_plugin,prove build-script execution unsafe gate,src/nu_plugin/crates/codedb_build_capture/src/lib.rs;src/nu_plugin/docs/GAP_CLOSURE_PLAN.md;src/nu_plugin/execution/BIDIRECTIONAL_TASK_GRAPH.csv;src/nu_plugin/logs/CDB079-build-script-gate.log,0,no raw secrets recorded,Added build-script execution refusal and approved log/provenance fixture proof.,false,"{""commit"":""c84740532ded2a27ee283ea7a3a5f303eaeb61a7"",""csv_row"":26,""path"":""execution/COMMAND_LEDGER.csv"",""record"":25,""sha256"":""e230d1c64568e8642429f7198e97fd22c86025bdc3f14f694a9e7e784e405991""}"
COMMAND-026,CDB080,TASK-CDB080,2026-07-02T19:26:53Z,/home/flexnetos/FlexNetOS/src/nu_plugin-next-worktree,src/nu_plugin,FlexNetOS/nu_plugin,record generated OUT_DIR reproduction gap with required provenance,src/nu_plugin/crates/codedb_build_capture/src/lib.rs;src/nu_plugin/docs/GAP_CLOSURE_PLAN.md;src/nu_plugin/docs/ROUND_TRIP_PROOF.md;src/nu_plugin/execution/BIDIRECTIONAL_TASK_GRAPH.csv;src/nu_plugin/logs/CDB080-out-dir-reproduction.log,0,no raw secrets recorded,Added explicit out_dir_artifacts gap with environment/provenance requirements and focused fixture proof.,false,"{""commit"":""c84740532ded2a27ee283ea7a3a5f303eaeb61a7"",""csv_row"":27,""path"":""execution/COMMAND_LEDGER.csv"",""record"":26,""sha256"":""e230d1c64568e8642429f7198e97fd22c86025bdc3f14f694a9e7e784e405991""}"
COMMAND-027,CDB081,TASK-CDB081,2026-07-02T19:30:40Z,/home/flexnetos/FlexNetOS/src/nu_plugin-next-worktree,src/nu_plugin,FlexNetOS/nu_plugin,model symlink materialization platform capability and fallback rows,src/nu_plugin/crates/codedb_core/src/lib.rs;src/nu_plugin/docs/GAP_CLOSURE_PLAN.md;src/nu_plugin/docs/ROUND_TRIP_PROOF.md;src/nu_plugin/execution/BIDIRECTIONAL_TASK_GRAPH.csv;src/nu_plugin/logs/CDB081-symlink-platform-materialization.log,0,no raw secrets recorded,Added supported and metadata-only fallback rows for symlink materialization with Unix scan proof.,false,"{""commit"":""c84740532ded2a27ee283ea7a3a5f303eaeb61a7"",""csv_row"":28,""path"":""execution/COMMAND_LEDGER.csv"",""record"":27,""sha256"":""e230d1c64568e8642429f7198e97fd22c86025bdc3f14f694a9e7e784e405991""}"
COMMAND-028,CDB082,TASK-CDB082,2026-07-02T19:33:35Z,/home/flexnetos/FlexNetOS/src/nu_plugin-next-worktree,src/nu_plugin,FlexNetOS/nu_plugin,capture native linker facts only under approved dynamic build gate,src/nu_plugin/crates/codedb_build_capture/src/lib.rs;src/nu_plugin/crates/codedb_build_capture/Cargo.toml;src/nu_plugin/Cargo.lock;src/nu_plugin/docs/GAP_CLOSURE_PLAN.md;src/nu_plugin/docs/UNSAFE_CAPTURE_POLICY.md;src/nu_plugin/execution/BIDIRECTIONAL_TASK_GRAPH.csv;src/nu_plugin/logs/CDB082-native-linker-facts.log,0,no raw secrets recorded,Parsed Cargo build-script-executed linked_libs and linked_paths into native_link_facts rows with default GAP refusal.,false,"{""commit"":""c84740532ded2a27ee283ea7a3a5f303eaeb61a7"",""csv_row"":29,""path"":""execution/COMMAND_LEDGER.csv"",""record"":28,""sha256"":""e230d1c64568e8642429f7198e97fd22c86025bdc3f14f694a9e7e784e405991""}"
COMMAND-029,CDB083,TASK-CDB083,2026-07-02T19:35:45Z,/home/flexnetos/FlexNetOS/src/nu_plugin-next-worktree,src/nu_plugin,FlexNetOS/nu_plugin,block MCP raw source and blob aliases with bounded denial rows,src/nu_plugin/crates/codedb_mcp/src/lib.rs;src/nu_plugin/docs/GAP_CLOSURE_PLAN.md;src/nu_plugin/docs/MUTATION_POLICY.md;src/nu_plugin/execution/BIDIRECTIONAL_TASK_GRAPH.csv;src/nu_plugin/logs/CDB083-mcp-raw-source-block.log,0,no raw secrets recorded,Added raw source/blob blocked tool aliases and raw_blob_table_blocked table-page tests.,false,"{""commit"":""c84740532ded2a27ee283ea7a3a5f303eaeb61a7"",""csv_row"":30,""path"":""execution/COMMAND_LEDGER.csv"",""record"":29,""sha256"":""e230d1c64568e8642429f7198e97fd22c86025bdc3f14f694a9e7e784e405991""}"
COMMAND-030,CDB084,TASK-CDB084,2026-07-02T19:38:23Z,/home/flexnetos/FlexNetOS/src/nu_plugin-next-worktree,src/nu_plugin,FlexNetOS/nu_plugin,stabilize anonymous syntax identity with unstable classification,src/nu_plugin/crates/codedb_rust_static/src/lib.rs;src/nu_plugin/docs/GAP_CLOSURE_PLAN.md;src/nu_plugin/docs/CHANGE_PLAN_SCHEMA.md;src/nu_plugin/execution/BIDIRECTIONAL_TASK_GRAPH.csv;src/nu_plugin/logs/CDB084-anonymous-identity.log,0,no raw secrets recorded,Added stable_named and unstable_anonymous identity rows with repeat-scan fixture proof.,false,"{""commit"":""c84740532ded2a27ee283ea7a3a5f303eaeb61a7"",""csv_row"":31,""path"":""execution/COMMAND_LEDGER.csv"",""record"":30,""sha256"":""e230d1c64568e8642429f7198e97fd22c86025bdc3f14f694a9e7e784e405991""}"
COMMAND-031,CDB085,TASK-CDB085,2026-07-02T19:42:40Z,/home/flexnetos/FlexNetOS/src/nu_plugin-next-worktree,src/nu_plugin,FlexNetOS/nu_plugin,add semantic and public API hash reports,src/nu_plugin/crates/codedb_rust_static/src/lib.rs;src/nu_plugin/docs/GAP_CLOSURE_PLAN.md;src/nu_plugin/docs/SCHEMA.md;src/nu_plugin/execution/BIDIRECTIONAL_TASK_GRAPH.csv;src/nu_plugin/logs/CDB085-semantic-api-hashing.log,0,no raw secrets recorded,Added normalized item-row hash reports and fixture proof for private versus public API drift.,false,"{""commit"":""c84740532ded2a27ee283ea7a3a5f303eaeb61a7"",""csv_row"":32,""path"":""execution/COMMAND_LEDGER.csv"",""record"":31,""sha256"":""e230d1c64568e8642429f7198e97fd22c86025bdc3f14f694a9e7e784e405991""}"
COMMAND-032,CDB086,TASK-CDB086,2026-07-02T19:44:57Z,/home/flexnetos/FlexNetOS/src/nu_plugin-next-worktree,src/nu_plugin,FlexNetOS/nu_plugin,refuse unknown redb store schema versions,src/nu_plugin/crates/codedb_store_redb/src/lib.rs;src/nu_plugin/docs/GAP_CLOSURE_PLAN.md;src/nu_plugin/docs/BIDIRECTIONAL_ARCHITECTURE.md;src/nu_plugin/execution/BIDIRECTIONAL_TASK_GRAPH.csv;src/nu_plugin/logs/CDB086-store-migrations.log,0,no raw secrets recorded,Added UnsupportedSchemaVersion refusal and documented migration/test matrix.,false,"{""commit"":""c84740532ded2a27ee283ea7a3a5f303eaeb61a7"",""csv_row"":33,""path"":""execution/COMMAND_LEDGER.csv"",""record"":32,""sha256"":""e230d1c64568e8642429f7198e97fd22c86025bdc3f14f694a9e7e784e405991""}"
COMMAND-033,CDB087,TASK-CDB087,2026-07-02T19:47:15Z,/home/flexnetos/FlexNetOS/src/nu_plugin-next-worktree,src/nu_plugin,FlexNetOS/nu_plugin,refuse stale approved plans on source drift,src/nu_plugin/crates/codedb_core/src/lib.rs;src/nu_plugin/docs/GAP_CLOSURE_PLAN.md;src/nu_plugin/docs/CHANGE_PLAN_SCHEMA.md;src/nu_plugin/execution/BIDIRECTIONAL_TASK_GRAPH.csv;src/nu_plugin/logs/CDB087-source-drift-conflicts.log,0,no raw secrets recorded,Added SourceDrift apply-gate refusal and source_drift plan_conflicts row with stale-plan fixture proof.,false,"{""commit"":""c84740532ded2a27ee283ea7a3a5f303eaeb61a7"",""csv_row"":34,""path"":""execution/COMMAND_LEDGER.csv"",""record"":33,""sha256"":""e230d1c64568e8642429f7198e97fd22c86025bdc3f14f694a9e7e784e405991""}"
COMMAND-034,CDB088,TASK-CDB088,2026-07-02T19:49:30Z,/home/flexnetos/FlexNetOS/src/nu_plugin-next-worktree,src/nu_plugin,FlexNetOS/nu_plugin,record failed materialization and apply recovery rows,src/nu_plugin/crates/codedb_core/src/lib.rs;src/nu_plugin/docs/GAP_CLOSURE_PLAN.md;src/nu_plugin/execution/BIDIRECTIONAL_TASK_GRAPH.csv;src/nu_plugin/logs/CDB088-failed-apply-recovery.log,0,no raw secrets recorded,Added failed apply_attempts and recovered recovery_rows requiring a restored source snapshot match.,false,"{""commit"":""c84740532ded2a27ee283ea7a3a5f303eaeb61a7"",""csv_row"":35,""path"":""execution/COMMAND_LEDGER.csv"",""record"":34,""sha256"":""e230d1c64568e8642429f7198e97fd22c86025bdc3f14f694a9e7e784e405991""}"
COMMAND-035,CDB089,TASK-CDB089,2026-07-02T19:51:45Z,/home/flexnetos/FlexNetOS/src/nu_plugin-next-worktree,src/nu_plugin,FlexNetOS/nu_plugin,require operator decision provenance in apply gate,src/nu_plugin/crates/codedb_core/src/lib.rs;src/nu_plugin/docs/CHANGE_PLAN_SCHEMA.md;src/nu_plugin/docs/BIDIRECTIONAL_ARCHITECTURE.md;src/nu_plugin/execution/BIDIRECTIONAL_TASK_GRAPH.csv;src/nu_plugin/logs/CDB089-approval-provenance.log,0,no raw secrets recorded,Added decided_at provenance and refused apply gates missing decision id actor timestamp or evidence references.,false,"{""commit"":""c84740532ded2a27ee283ea7a3a5f303eaeb61a7"",""csv_row"":36,""path"":""execution/COMMAND_LEDGER.csv"",""record"":35,""sha256"":""e230d1c64568e8642429f7198e97fd22c86025bdc3f14f694a9e7e784e405991""}"
COMMAND-036,CDB091,TASK-CDB091,2026-07-03T01:18:10Z,/home/flexnetos/FlexNetOS/src/nu_plugin,src/nu_plugin,nu_plugin,build issue-215 polyglot research and planning package,src/nu_plugin/docs/polyglot-import/README.md;src/nu_plugin/docs/polyglot-import/research-ledger.md;src/nu_plugin/docs/polyglot-import/language-import-surface.md;src/nu_plugin/docs/polyglot-import/polyglot-schema-extension.md;src/nu_plugin/docs/polyglot-import/parser-and-indexer-tooling-matrix.md;src/nu_plugin/docs/polyglot-import/package-manager-and-lockfile-matrix.md;src/nu_plugin/docs/polyglot-import/whole-repo-import-architecture.md;src/nu_plugin/docs/polyglot-import/single-binary-rust-crate-export.md;src/nu_plugin/docs/polyglot-import/proof-and-round-trip-gates.md;src/nu_plugin/docs/polyglot-import/security-and-execution-policy.md;src/nu_plugin/docs/polyglot-import/github-issue-delivery-plan.md;src/nu_plugin/docs/polyglot-import/open-questions.md;src/nu_plugin/prd/nu_plugin_codedb_v1_2_polyglot_import_prd.md,0,no raw secrets recorded,Planning-only documentation package for CDB091-CDB104.,false,"{""commit"":""c84740532ded2a27ee283ea7a3a5f303eaeb61a7"",""csv_row"":37,""path"":""execution/COMMAND_LEDGER.csv"",""record"":36,""sha256"":""e230d1c64568e8642429f7198e97fd22c86025bdc3f14f694a9e7e784e405991""}"
COMMAND-037,CDB105,TASK-CDB105,2026-07-03T01:18:10Z,/home/flexnetos/FlexNetOS/src/nu_plugin,src/nu_plugin,nu_plugin,update package navigation and handoff surfaces for polyglot planning lane,src/nu_plugin/NAVIGATION.md;src/nu_plugin/NAVIGATION.json;src/nu_plugin/DOC_GRAPH.md;src/nu_plugin/HANDOFF.md;src/nu_plugin/ACCEPTANCE.md;src/nu_plugin/READINESS_GATE.md;src/nu_plugin/STOP_CONDITIONS.md;src/nu_plugin/execution/POLYGLOT_TASK_GRAPH.csv;src/nu_plugin/execution/POLYGLOT_TASK_FILE_MAP.csv;src/nu_plugin/execution/POLYGLOT_GITHUB_ISSUE_DRAFTS.md,0,no raw secrets recorded,Kept V1.1 implementation truth distinct from V1.2 planning status.,false,"{""commit"":""c84740532ded2a27ee283ea7a3a5f303eaeb61a7"",""csv_row"":38,""path"":""execution/COMMAND_LEDGER.csv"",""record"":37,""sha256"":""e230d1c64568e8642429f7198e97fd22c86025bdc3f14f694a9e7e784e405991""}"
COMMAND-038,CDB105,TASK-CDB105,2026-07-03T01:18:10Z,/home/flexnetos/FlexNetOS/src/nu_plugin,src/nu_plugin,nu_plugin,validate planning package surfaces,src/nu_plugin/execution/POLYGLOT_TASK_GRAPH.csv;src/nu_plugin/execution/POLYGLOT_TASK_FILE_MAP.csv;src/nu_plugin/NAVIGATION.json,0,no raw secrets recorded,"Validated with git diff --check, Python CSV parsing, and JSON parsing.",false,"{""commit"":""c84740532ded2a27ee283ea7a3a5f303eaeb61a7"",""csv_row"":39,""path"":""execution/COMMAND_LEDGER.csv"",""record"":38,""sha256"":""e230d1c64568e8642429f7198e97fd22c86025bdc3f14f694a9e7e784e405991""}"
COMMAND-039,CDB105,TASK-CDB105,2026-07-03T01:18:10Z,/home/flexnetos/FlexNetOS/src/nu_plugin,src/nu_plugin,nu_plugin,reseal package truth surface after polyglot planning updates,src/nu_plugin/manifests/PACK_MANIFEST.json;src/nu_plugin/manifests/CHECKSUMS.sha256;src/nu_plugin/manifests/PACKAGE_VALIDATION.json,0,no raw secrets recorded,"Ran truth_surface.py --write, --check, and --check-source after planning-package updates.",false,"{""commit"":""c84740532ded2a27ee283ea7a3a5f303eaeb61a7"",""csv_row"":40,""path"":""execution/COMMAND_LEDGER.csv"",""record"":39,""sha256"":""e230d1c64568e8642429f7198e97fd22c86025bdc3f14f694a9e7e784e405991""}"
COMMAND-040,,,2026-07-11T20:55:25Z,/home/flexnetos/meta/src/nu_plugin,src/nu_plugin,FlexNetOS/nu_plugin,cargo test --workspace --all-features with explicit disposable PostgreSQL 17 DSN,src/nu_plugin/logs/CDB106-mandatory-security-backend-proof-wave.log,0,PostgreSQL DSN omitted and no raw secrets recorded,All Rust tests passed including 13 live PostgreSQL differential migration and rollback tests.,false,"{""commit"":""c84740532ded2a27ee283ea7a3a5f303eaeb61a7"",""csv_row"":41,""path"":""execution/COMMAND_LEDGER.csv"",""record"":40,""sha256"":""e230d1c64568e8642429f7198e97fd22c86025bdc3f14f694a9e7e784e405991""}"
COMMAND-041,,,2026-07-11T20:55:25Z,/home/flexnetos/meta/src/nu_plugin,src/nu_plugin,FlexNetOS/nu_plugin,nix develop ci dynamic Nu redb and PostgreSQL capture report materialize round trip,src/nu_plugin/logs/CDB106-mandatory-security-backend-proof-wave.log,0,PostgreSQL DSN omitted and no raw secrets recorded,Exact policy-authorized source bytes materialized from both dynamic backends.,false,"{""commit"":""c84740532ded2a27ee283ea7a3a5f303eaeb61a7"",""csv_row"":42,""path"":""execution/COMMAND_LEDGER.csv"",""record"":41,""sha256"":""e230d1c64568e8642429f7198e97fd22c86025bdc3f14f694a9e7e784e405991""}"
COMMAND-042,,,2026-07-11T20:55:25Z,/home/flexnetos/meta/src/nu_plugin,src/nu_plugin,FlexNetOS/nu_plugin,cargo test workspace and clippy all targets all features,src/nu_plugin/logs/CDB106-mandatory-security-backend-proof-wave.log,0,no raw secrets recorded,Default workspace tests and all-feature warning-deny clippy passed.,false,"{""commit"":""c84740532ded2a27ee283ea7a3a5f303eaeb61a7"",""csv_row"":43,""path"":""execution/COMMAND_LEDGER.csv"",""record"":42,""sha256"":""e230d1c64568e8642429f7198e97fd22c86025bdc3f14f694a9e7e784e405991""}"
COMMAND-043,,,2026-07-11T20:55:25Z,/home/flexnetos/meta/src/nu_plugin,src/nu_plugin,FlexNetOS/nu_plugin,run every tests/*.nu gate in Nix ci shell,src/nu_plugin/logs/CDB106-mandatory-security-backend-proof-wave.log,0,no raw secrets recorded,All 15 Nu behavior gates passed after the Nix TMPDIR sandbox regression repair.,false,"{""commit"":""c84740532ded2a27ee283ea7a3a5f303eaeb61a7"",""csv_row"":44,""path"":""execution/COMMAND_LEDGER.csv"",""record"":43,""sha256"":""e230d1c64568e8642429f7198e97fd22c86025bdc3f14f694a9e7e784e405991""}"
COMMAND-044,,,2026-07-11T20:55:25Z,/home/flexnetos/meta/src/nu_plugin,src/nu_plugin,FlexNetOS/nu_plugin,python unittest discovery and executable task graph structure validation,src/nu_plugin/logs/CDB106-mandatory-security-backend-proof-wave.log,0,no raw secrets recorded,67 Python tests plus task graph and proof ledger structure gates passed.,false,"{""commit"":""c84740532ded2a27ee283ea7a3a5f303eaeb61a7"",""csv_row"":45,""path"":""execution/COMMAND_LEDGER.csv"",""record"":44,""sha256"":""e230d1c64568e8642429f7198e97fd22c86025bdc3f14f694a9e7e784e405991""}"
COMMAND-045,,,2026-07-11T20:55:25Z,/home/flexnetos/meta/src/nu_plugin,src/nu_plugin,FlexNetOS/nu_plugin,python3 scripts/validate_task_graph.py --release,src/nu_plugin/logs/CDB106-mandatory-security-backend-proof-wave.log,1,no raw secrets recorded,Expected release blocker: mandatory graph and proof rows remain incomplete.,false,"{""commit"":""c84740532ded2a27ee283ea7a3a5f303eaeb61a7"",""csv_row"":46,""path"":""execution/COMMAND_LEDGER.csv"",""record"":45,""sha256"":""e230d1c64568e8642429f7198e97fd22c86025bdc3f14f694a9e7e784e405991""}"
COMMAND-046,,,2026-07-11T20:55:25Z,/home/flexnetos/meta/src/nu_plugin,src/nu_plugin,FlexNetOS/nu_plugin,python3 scripts/validate_requirement_proof_ledger.py --direct-evidence,src/nu_plugin/logs/CDB106-mandatory-security-backend-proof-wave.log,1,no raw secrets recorded,Expected release blocker: 90 partial 50 missing and 140 empty proof artifact inventories remain.,false,"{""commit"":""c84740532ded2a27ee283ea7a3a5f303eaeb61a7"",""csv_row"":47,""path"":""execution/COMMAND_LEDGER.csv"",""record"":46,""sha256"":""e230d1c64568e8642429f7198e97fd22c86025bdc3f14f694a9e7e784e405991""}"
COMMAND-047,,,2026-07-12T18:39:05Z,/home/flexnetos/meta/src/nu_plugin,src/nu_plugin,FlexNetOS/nu_plugin,run every nu_plugin ledger verification_command (cargo/nu suite); capture per-row receipts,src/nu_plugin/logs/receipts/_command_results.json,0,no raw secrets recorded,31 unique nu_plugin commands green; nix/pg/direct-evidence stay fail-closed as recorded.,false,"{""commit"":""c84740532ded2a27ee283ea7a3a5f303eaeb61a7"",""csv_row"":48,""path"":""execution/COMMAND_LEDGER.csv"",""record"":47,""sha256"":""e230d1c64568e8642429f7198e97fd22c86025bdc3f14f694a9e7e784e405991""}"
COMMAND-048,,,2026-07-12T18:39:05Z,/home/flexnetos/meta/src/nu_plugin,src/nu_plugin,FlexNetOS/nu_plugin,cargo test --manifest-path ../envctl/Cargo.toml --workspace; -p envctl-engine; -p envctl,src/nu_plugin/logs/receipts/_command_results.json,0,no raw secrets recorded,envctl workspace 280 tests + engine + cli suites green (`-p engine` corrected to `-p envctl-engine`).,false,"{""commit"":""c84740532ded2a27ee283ea7a3a5f303eaeb61a7"",""csv_row"":49,""path"":""execution/COMMAND_LEDGER.csv"",""record"":48,""sha256"":""e230d1c64568e8642429f7198e97fd22c86025bdc3f14f694a9e7e784e405991""}"
COMMAND-049,,,2026-07-12T18:39:05Z,/home/flexnetos/meta/src/nu_plugin,src/nu_plugin,FlexNetOS/nu_plugin,cd ../envctl && bash ci/gates/no-c.sh,src/nu_plugin/logs/receipts/_command_results.json,0,no raw secrets recorded,Corrected cwd for the envctl no-C gate; green; 2 rows.,false,"{""commit"":""c84740532ded2a27ee283ea7a3a5f303eaeb61a7"",""csv_row"":50,""path"":""execution/COMMAND_LEDGER.csv"",""record"":49,""sha256"":""e230d1c64568e8642429f7198e97fd22c86025bdc3f14f694a9e7e784e405991""}"
COMMAND-050,,,2026-07-12T18:39:05Z,/home/flexnetos/meta/src/nu_plugin,src/nu_plugin,FlexNetOS/nu_plugin,cargo run ... -p envctl -- db --repo-root ../envctl {symbols|widget refs|scan&&watch|refactor}/db deploy --kind hooks --json,src/nu_plugin/logs/receipts/_command_results.json,0,no raw secrets recorded,"7 db invocations corrected to current CLI contract; all rc=0 with real JSON; flipped REQ-061-CMD04/06/07/09/11, AC04/05.",false,"{""commit"":""c84740532ded2a27ee283ea7a3a5f303eaeb61a7"",""csv_row"":51,""path"":""execution/COMMAND_LEDGER.csv"",""record"":50,""sha256"":""e230d1c64568e8642429f7198e97fd22c86025bdc3f14f694a9e7e784e405991""}"
COMMAND-051,CDB046,TASK-CDB046,2026-07-12T18:39:05Z,/home/flexnetos/meta/src/nu_plugin,src/nu_plugin,FlexNetOS/nu_plugin,cargo fmt --all --check && cargo clippy --workspace --all-targets --all-features && cargo test --workspace,src/nu_plugin/logs/receipts/_command_results.json,0,no raw secrets recorded,fmt gate fixed workspace-wide; full combo green; flipped to verified/complete.,false,"{""commit"":""c84740532ded2a27ee283ea7a3a5f303eaeb61a7"",""csv_row"":52,""path"":""execution/COMMAND_LEDGER.csv"",""record"":51,""sha256"":""e230d1c64568e8642429f7198e97fd22c86025bdc3f14f694a9e7e784e405991""}"
COMMAND-052,,,2026-07-12T18:39:05Z,/home/flexnetos/meta/src/nu_plugin,src/nu_plugin,FlexNetOS/nu_plugin,cargo fmt ... && cargo clippy ... && cargo test --workspace --all-features,src/nu_plugin/logs/receipts/_command_results.json,101,no raw secrets recorded,13 codedb-store-pg parity tests need live PostgreSQL; left partial (pg residual).,false,"{""commit"":""c84740532ded2a27ee283ea7a3a5f303eaeb61a7"",""csv_row"":53,""path"":""execution/COMMAND_LEDGER.csv"",""record"":52,""sha256"":""e230d1c64568e8642429f7198e97fd22c86025bdc3f14f694a9e7e784e405991""}"
COMMAND-053,CDB077,TASK-CDB077,2026-07-12T18:39:05Z,/home/flexnetos/meta/src/nu_plugin,src/nu_plugin,FlexNetOS/nu_plugin,cargo test -p codedb (embeds BIDIRECTIONAL_TASK_GRAPH.csv; frozen active_task_count==14),src/nu_plugin/logs/receipts/_command_results.json,0,no raw secrets recorded,CDB077-089 commands green but kept active: completing them breaks this frozen codedb bin test (crates/ out of scope).,false,"{""commit"":""c84740532ded2a27ee283ea7a3a5f303eaeb61a7"",""csv_row"":54,""path"":""execution/COMMAND_LEDGER.csv"",""record"":53,""sha256"":""e230d1c64568e8642429f7198e97fd22c86025bdc3f14f694a9e7e784e405991""}"
COMMAND-054,CDB090,TASK-CDB090,2026-07-12T18:39:05Z,/home/flexnetos/meta/src/nu_plugin,src/nu_plugin,FlexNetOS/nu_plugin,python3 scripts/generate_requirement_proof_receipt.py --all-requirements --output <outside-repo>,src/nu_plugin/logs/receipts/_command_results.json,1,no raw secrets recorded,Refused 'proof checkout is not clean'; detached receipt needs one clean commit (forbidden this session).,false,"{""commit"":""c84740532ded2a27ee283ea7a3a5f303eaeb61a7"",""csv_row"":55,""path"":""execution/COMMAND_LEDGER.csv"",""record"":54,""sha256"":""e230d1c64568e8642429f7198e97fd22c86025bdc3f14f694a9e7e784e405991""}"
COMMAND-055,,,2026-07-12T18:39:05Z,/home/flexnetos/meta/src/nu_plugin,src/nu_plugin,FlexNetOS/nu_plugin,pytest (4 suites); validate_task_graph.py; validate_requirement_proof_ledger.py; validate_bidirectional_package.py; git diff --check,src/nu_plugin/logs/receipts/_command_results.json,0,no raw secrets recorded,pytest 50/23 subtests; structure PASSED; git diff --check clean; two release validators fail-closed by design.,false,"{""commit"":""c84740532ded2a27ee283ea7a3a5f303eaeb61a7"",""csv_row"":56,""path"":""execution/COMMAND_LEDGER.csv"",""record"":55,""sha256"":""e230d1c64568e8642429f7198e97fd22c86025bdc3f14f694a9e7e784e405991""}"
COMMAND-056,CDB086,TASK-CDB086,2026-07-12T18:57:06Z,/home/flexnetos/meta/src/nu_plugin,src/nu_plugin,FlexNetOS/nu_plugin,"cargo test -p codedb-store-redb -p codedb-store-pg --features codedb-store-pg/pg-integration (live PG via nix, CODEDB_PG_CONN)",src/nu_plugin/logs/receipts/cdb086-live-pg-stdout.log,0,no raw secrets recorded,rc=0; verified/active (bidirectional row frozen active).,false,"{""commit"":""c84740532ded2a27ee283ea7a3a5f303eaeb61a7"",""csv_row"":57,""path"":""execution/COMMAND_LEDGER.csv"",""record"":56,""sha256"":""e230d1c64568e8642429f7198e97fd22c86025bdc3f14f694a9e7e784e405991""}"
COMMAND-057,,,2026-07-12T18:57:06Z,/home/flexnetos/meta/src/nu_plugin,src/nu_plugin,FlexNetOS/nu_plugin,cargo test -p codedb-store-redb -p codedb-store-pg -p codedb --all-features (live PG),src/nu_plugin/logs/receipts/cdb106-ac05-stdout.log,0,no raw secrets recorded,rc=0; verified/complete.,false,"{""commit"":""c84740532ded2a27ee283ea7a3a5f303eaeb61a7"",""csv_row"":58,""path"":""execution/COMMAND_LEDGER.csv"",""record"":57,""sha256"":""e230d1c64568e8642429f7198e97fd22c86025bdc3f14f694a9e7e784e405991""}"
COMMAND-058,,,2026-07-12T18:57:06Z,/home/flexnetos/meta/src/nu_plugin,src/nu_plugin,FlexNetOS/nu_plugin,cargo fmt --all --check && cargo clippy --workspace --all-targets --all-features && cargo test --workspace --all-features (live PG),src/nu_plugin/logs/receipts/cdb106-ac09-full-stdout.log,0,no raw secrets recorded,rc=0 (245/0 all-feature tests); verified/complete.,false,"{""commit"":""c84740532ded2a27ee283ea7a3a5f303eaeb61a7"",""csv_row"":59,""path"":""execution/COMMAND_LEDGER.csv"",""record"":58,""sha256"":""e230d1c64568e8642429f7198e97fd22c86025bdc3f14f694a9e7e784e405991""}"
COMMAND-059,CDB068,TASK-CDB068,2026-07-12T21:03:01Z,/home/flexnetos/meta/src/nu_plugin,src/nu_plugin,FlexNetOS/nu_plugin,add fail-closed task-control regression tests and run focused red/green loop,src/nu_plugin/logs/CDB068-csv-source-of-truth-repair.log,0,no raw secrets recorded,Four focused tests failed before implementation and all 15 task-graph validator tests passed after the repair.,false,"{""commit"":""c84740532ded2a27ee283ea7a3a5f303eaeb61a7"",""csv_row"":60,""path"":""execution/COMMAND_LEDGER.csv"",""record"":59,""sha256"":""e230d1c64568e8642429f7198e97fd22c86025bdc3f14f694a9e7e784e405991""}"
COMMAND-060,CDB068,TASK-CDB068,2026-07-12T21:03:01Z,/home/flexnetos/meta/src/nu_plugin,src/nu_plugin,FlexNetOS/nu_plugin,normalize task graph evidence state remove ephemeral paths repair command CSV and regenerate Markdown projection,src/nu_plugin/logs/CDB068-csv-source-of-truth-repair.log,0,no raw secrets recorded,Structure validation passes; 66 complete rows bind evidence_files_present; 4 planned rows remain pending; command ledger has 60 valid records.,false,"{""commit"":""c84740532ded2a27ee283ea7a3a5f303eaeb61a7"",""csv_row"":61,""path"":""execution/COMMAND_LEDGER.csv"",""record"":60,""sha256"":""e230d1c64568e8642429f7198e97fd22c86025bdc3f14f694a9e7e784e405991""}"
COMMAND-061,CDB074,TASK-CDB074,2026-07-12T21:05:37Z,/home/flexnetos/meta/src/nu_plugin,src/nu_plugin,FlexNetOS/nu_plugin,add reserved collision-free codedb-core fixture allocator and stress parallel lib tests 50 times,src/nu_plugin/logs/CDB074-isolated-worktree-patches.log,0,no raw secrets recorded,RED concurrency test reproduced 24 duplicate roots; GREEN 1250 tests passed across 50 default-parallel runs.,false,"{""commit"":""c84740532ded2a27ee283ea7a3a5f303eaeb61a7"",""csv_row"":62,""path"":""execution/COMMAND_LEDGER.csv"",""record"":61,""sha256"":""e230d1c64568e8642429f7198e97fd22c86025bdc3f14f694a9e7e784e405991""}"
COMMAND-062,CDB078,TASK-CDB078,2026-07-12T21:13:36Z,/home/flexnetos/meta/src/nu_plugin,src/nu_plugin,FlexNetOS/nu_plugin,add hostile proc-macro log symlink regression and run codedb-build-capture tests,src/nu_plugin/logs/CDB078-proc-macro-gate.log,0,no raw secrets recorded,RED proved outside-file overwrite; GREEN 40 unit tests and 2 compile-fail doctests passed; task remains active pending production frontdoor.,false,"{""commit"":""c84740532ded2a27ee283ea7a3a5f303eaeb61a7"",""csv_row"":63,""path"":""execution/COMMAND_LEDGER.csv"",""record"":62,""sha256"":""e230d1c64568e8642429f7198e97fd22c86025bdc3f14f694a9e7e784e405991""}"
COMMAND-063,CDB078,TASK-CDB078,2026-07-12T21:19:47Z,/home/flexnetos/meta/src/nu_plugin,src/nu_plugin,FlexNetOS/nu_plugin,prove external unsafe frontdoor fabrication then make dynamic entry symbols crate-private,src/nu_plugin/logs/CDB078-proc-macro-gate.log,0,no raw secrets recorded,RED compile-fail example compiled; GREEN 40 unit tests and 3 compile-fail doctests passed; public library remains refusal-only.,false,"{""commit"":""c84740532ded2a27ee283ea7a3a5f303eaeb61a7"",""csv_row"":64,""path"":""execution/COMMAND_LEDGER.csv"",""record"":63,""sha256"":""e230d1c64568e8642429f7198e97fd22c86025bdc3f14f694a9e7e784e405991""}"
COMMAND-064,CDB013,TASK-CDB013,2026-07-12T21:25:33Z,/home/flexnetos/meta/src/nu_plugin,src/nu_plugin,FlexNetOS/nu_plugin,python3 -m unittest tests.test_workspace_manifest and cargo metadata --format-version 1 --no-deps,src/nu_plugin/logs/CDB013-workspace.log,0,no raw secrets recorded,Three direct tests and exact eleven-member Cargo metadata parity passed.,false,"{""commit"":""c84740532ded2a27ee283ea7a3a5f303eaeb61a7"",""csv_row"":65,""path"":""execution/COMMAND_LEDGER.csv"",""record"":64,""sha256"":""e230d1c64568e8642429f7198e97fd22c86025bdc3f14f694a9e7e784e405991""}"
COMMAND-065,CDB040,TASK-CDB040,2026-07-12T21:25:33Z,/home/flexnetos/meta/src/nu_plugin,src/nu_plugin,FlexNetOS/nu_plugin,python3 -m unittest tests.test_integration_contracts and python3 scripts/validate_integration_contracts.py,src/nu_plugin/logs/CDB040-tooling.log,0,no raw secrets recorded,Nine positive and negative tests plus the live integration contract validator passed.,false,"{""commit"":""c84740532ded2a27ee283ea7a3a5f303eaeb61a7"",""csv_row"":66,""path"":""execution/COMMAND_LEDGER.csv"",""record"":65,""sha256"":""e230d1c64568e8642429f7198e97fd22c86025bdc3f14f694a9e7e784e405991""}"
COMMAND-066,CDB050,TASK-CDB050,2026-07-12T21:25:33Z,/home/flexnetos/meta/src/nu_plugin,src/nu_plugin,FlexNetOS/nu_plugin,python3 -m unittest tests.test_runtime_tool_contract and Nix runtime smoke and active frontdoor checks,src/nu_plugin/logs/CDB050-runtime-tool.log,0,no raw secrets recorded,Three tests Nix smoke codedb 0.1.0 and executable Nu plugin frontdoor passed without profile mutation.,false,"{""commit"":""c84740532ded2a27ee283ea7a3a5f303eaeb61a7"",""csv_row"":67,""path"":""execution/COMMAND_LEDGER.csv"",""record"":66,""sha256"":""e230d1c64568e8642429f7198e97fd22c86025bdc3f14f694a9e7e784e405991""}"
COMMAND-067,CDB041,TASK-CDB041,2026-07-12T22:42:14Z,/home/flexnetos/meta/src/nu_plugin,src/nu_plugin,FlexNetOS/nu_plugin,Bun primary-registry latest recheck frozen install import smoke and full CodeDB online Node capture,src/nu_plugin/logs/CDB041-online-node-source.log,0,no raw secrets recorded,Ten first-party latest versions match the lock; 20381 exact blobs and 81182690 bytes plus 27 checksum-bound Bun .bin symlinks captured; zero capture gaps; representative symlink replay passed.,false,"{""commit"":""c84740532ded2a27ee283ea7a3a5f303eaeb61a7"",""csv_row"":68,""path"":""execution/COMMAND_LEDGER.csv"",""record"":67,""sha256"":""e230d1c64568e8642429f7198e97fd22c86025bdc3f14f694a9e7e784e405991""}"
COMMAND-068,CDB046,TASK-CDB046,2026-07-12T22:42:14Z,/home/flexnetos/meta/src/nu_plugin,src/nu_plugin,FlexNetOS/nu_plugin,fmt deny-warnings clippy workspace Rust Python Nu doctor PostgreSQL and task-structure validation,src/nu_plugin/logs/CDB046-validation.log,0,no raw secrets recorded,Rust workspace green; 88 Python tests; 15 Nu scripts; 13 live PostgreSQL cases; all doctor scopes explicit.,false,"{""commit"":""c84740532ded2a27ee283ea7a3a5f303eaeb61a7"",""csv_row"":69,""path"":""execution/COMMAND_LEDGER.csv"",""record"":68,""sha256"":""e230d1c64568e8642429f7198e97fd22c86025bdc3f14f694a9e7e784e405991""}"
COMMAND-069,CDB077,TASK-CDB077,2026-07-12T22:42:14Z,/home/flexnetos/meta/src/nu_plugin,src/nu_plugin,FlexNetOS/nu_plugin,cargo test compiler production CLI and codedb-rust-static evidence suites,src/nu_plugin/logs/compiler-observed/SUMMARY.json,0,no raw secrets recorded,Compiler expansion hygiene HIR MIR rustdoc pins drift semantics refusal and source immutability proven.,false,"{""commit"":""c84740532ded2a27ee283ea7a3a5f303eaeb61a7"",""csv_row"":70,""path"":""execution/COMMAND_LEDGER.csv"",""record"":69,""sha256"":""e230d1c64568e8642429f7198e97fd22c86025bdc3f14f694a9e7e784e405991""}"
COMMAND-070,CDB078,TASK-CDB078,2026-07-12T22:42:14Z,/home/flexnetos/meta/src/nu_plugin,src/nu_plugin,FlexNetOS/nu_plugin,cargo test build capture production CLI and approved frontdoor suites,src/nu_plugin/logs/CDB078-proc-macro-gate.log,0,no raw secrets recorded,Proc-macro build-script OUT_DIR reproduction and native-link approval provenance proven through production frontdoors.,false,"{""commit"":""c84740532ded2a27ee283ea7a3a5f303eaeb61a7"",""csv_row"":71,""path"":""execution/COMMAND_LEDGER.csv"",""record"":70,""sha256"":""e230d1c64568e8642429f7198e97fd22c86025bdc3f14f694a9e7e784e405991""}"
COMMAND-071,CDB081,TASK-CDB081,2026-07-12T22:42:14Z,/home/flexnetos/meta/src/nu_plugin,src/nu_plugin,FlexNetOS/nu_plugin,cargo test -p codedb-core --test materialization_paths,src/nu_plugin/logs/CDB081-symlink-platform-materialization.log,0,no raw secrets recorded,Ten descriptor-relative no-follow durable no-replace symlink and fallback cases passed.,false,"{""commit"":""c84740532ded2a27ee283ea7a3a5f303eaeb61a7"",""csv_row"":72,""path"":""execution/COMMAND_LEDGER.csv"",""record"":71,""sha256"":""e230d1c64568e8642429f7198e97fd22c86025bdc3f14f694a9e7e784e405991""}"
COMMAND-072,CDB083,TASK-CDB083,2026-07-12T22:42:14Z,/home/flexnetos/meta/src/nu_plugin,src/nu_plugin,FlexNetOS/nu_plugin,cargo MCP tests and Nu no-leak protocol suite,src/nu_plugin/logs/CDB083-mcp-raw-source-block.log,0,no raw secrets recorded,Raw source and blob reads remain bounded denied and sentinel-safe.,false,"{""commit"":""c84740532ded2a27ee283ea7a3a5f303eaeb61a7"",""csv_row"":73,""path"":""execution/COMMAND_LEDGER.csv"",""record"":72,""sha256"":""e230d1c64568e8642429f7198e97fd22c86025bdc3f14f694a9e7e784e405991""}"
COMMAND-073,CDB086,TASK-CDB086,2026-07-12T22:42:14Z,/home/flexnetos/meta/src/nu_plugin,src/nu_plugin,FlexNetOS/nu_plugin,disposable PostgreSQL 16.14 blobstore migration rollback parity,src/nu_plugin/logs/receipts/cdb086-live-pg-stdout.log,0,no raw secrets recorded,All 13 live PostgreSQL parity cases passed and the temporary service was removed.,false,"{""commit"":""c84740532ded2a27ee283ea7a3a5f303eaeb61a7"",""csv_row"":74,""path"":""execution/COMMAND_LEDGER.csv"",""record"":73,""sha256"":""e230d1c64568e8642429f7198e97fd22c86025bdc3f14f694a9e7e784e405991""}"
COMMAND-074,,,2026-07-12T22:42:14Z,/home/flexnetos/meta/src/nu_plugin,src/nu_plugin,FlexNetOS/nu_plugin,cargo test envctl db_docs_contract,src/envctl/crates/cli/tests/db_docs_contract.rs,0,no raw secrets recorded,Two direct tests prove the Meta LifeOS multi-root documentation and every current CLI example.,false,"{""commit"":""c84740532ded2a27ee283ea7a3a5f303eaeb61a7"",""csv_row"":75,""path"":""execution/COMMAND_LEDGER.csv"",""record"":74,""sha256"":""e230d1c64568e8642429f7198e97fd22c86025bdc3f14f694a9e7e784e405991""}"
COMMAND-075,CDB050,TASK-CDB050,2026-07-12T22:42:14Z,/home/flexnetos/meta/src/nu_plugin,src/nu_plugin,FlexNetOS/nu_plugin,current-tree Nix codedb runtime-tool smoke with wrapped Bubblewrap,src/nu_plugin/logs/CDB050-runtime-tool.log,0,no raw secrets recorded,Current derivation passed at /nix/store/f46gq7wvm6y7izaxriz313hihr0jnx7h-codedb-runtime-tool-smoke.,false,"{""commit"":""c84740532ded2a27ee283ea7a3a5f303eaeb61a7"",""csv_row"":76,""path"":""execution/COMMAND_LEDGER.csv"",""record"":75,""sha256"":""e230d1c64568e8642429f7198e97fd22c86025bdc3f14f694a9e7e784e405991""}"
COMMAND-076,CDB090,TASK-CDB090,2026-07-12T22:42:14Z,/home/flexnetos/meta/src/nu_plugin,src/nu_plugin,FlexNetOS/nu_plugin,direct requirement-proof and bidirectional-package validators,src/nu_plugin/logs/CDB047-manifest.log,0,no raw secrets recorded,140/140 direct requirement rows and 21/21 bidirectional task rows passed; detached clean-tree receipt remains mandatory for release.,false,"{""commit"":""c84740532ded2a27ee283ea7a3a5f303eaeb61a7"",""csv_row"":77,""path"":""execution/COMMAND_LEDGER.csv"",""record"":76,""sha256"":""e230d1c64568e8642429f7198e97fd22c86025bdc3f14f694a9e7e784e405991""}"
