"queue_id","claim_id","capture_id","claim_type","verification_status","verification_method","required_primary_evidence","blocking_task_ids","next_action","resolution","proof_uri","notes"
"NBV-001","REDB-CLAIM-002","NBSOURCE-001","engine-fact","queued","local-source-then-official-upstream","current redb source/docs for mmap and cache behavior","PGAUTH-002; STORE-001","Verify mmap/page-cache wording against pinned redb version.","","",""
"NBV-002","REDB-CLAIM-003","NBSOURCE-001","engine-fact","queued","local-source-then-official-upstream","redb API and on-disk encoding source","PGAUTH-002; STORE-001","Verify zero-copy and B-tree terminology.","","",""
"NBV-003","REDB-CLAIM-004","NBSOURCE-001","engine-fact","queued","local-source-and-tests","redb transaction guarantees and current configuration tests","PGAUTH-002; ADOPT-001","Verify ACID scope for the pinned version.","","",""
"NBV-004","REDB-CLAIM-005","NBSOURCE-001","engine-fact","queued","local-source-and-tests","redb transaction concurrency implementation and tests","PGAUTH-002; STORE-001","Verify exact reader/writer MVCC semantics.","","",""
"NBV-005","REDB-CLAIM-007","NBSOURCE-001","architecture-proposal","queued","reproducible-build-proof","actual musl dependency closure and produced binaries","FOUNDATION-001; FOUNDATION-003; POSTGRES-009","Prove static closure and absence of runtime Nix-store coupling.","","",""
"NBV-006","REDB-CLAIM-008","NBSOURCE-001","application-claim","queued","local-code-trace","code implementing vector storage, indexing, and distance calculation","PGAUTH-002; POSTGRES-005; STORE-001","Locate actual geometry/vector owner.","","",""
"NBV-007","REDB-CLAIM-009","NBSOURCE-001","application-claim","queued","local-code-trace","cosine implementation in application or RuVector source","PGAUTH-002; POSTGRES-005; STORE-001","Assign cosine computation to its actual owner.","","",""
"NBV-008","REDB-CLAIM-010","NBSOURCE-001","performance-claim","queued","reproducible-benchmark","SIMD implementation path, CPU features, dimensions, workload, and percentiles","PGAUTH-002; STORE-001; POSTGRES-009","Benchmark before accepting microsecond or AVX-512 claims.","","",""
"NBV-009","REDB-CLAIM-014","NBSOURCE-001","performance-claim","queued","reproducible-benchmark","redb and comparison workload with durability settings and p50/p95/p99","PGAUTH-002; STORE-001; POSTGRES-009","Measure deterministic-latency claim.","","",""
"NBV-010","REDB-CLAIM-015","NBSOURCE-001","architecture-proposal","queued","owner-decision-after-evidence","data-class, retention, privacy, promotion, and recovery matrix","PGAUTH-002; POSTGRES-006; STORE-001","Decide scratchpad scope after store evidence.","","",""
"NBV-011","REDB-CLAIM-016","NBSOURCE-001","architecture-proposal","queued","local-design-and-test","cache key schema including content, model, version, configuration, and invalidation","PGAUTH-002; POSTGRES-005; POSTGRES-006; STORE-001","Define and prove embedding-cache identity and invalidation.","","",""
"NBV-012","REDB-CLAIM-017","NBSOURCE-001","architecture-proposal","queued","owner-decision-after-protocol-proof","ordered replay, idempotency, backpressure, outage, and recovery protocol","PGAUTH-002; PGAUTH-006; POSTGRES-006; STORE-001","Decide WAL versus outbox, queue, buffer, or durable authority.","","",""
"NBV-013","REDB-CLAIM-019","NBSOURCE-001","current-implementation-claim","queued","local-code-trace-and-test","nu_plugin command, protocol encoding, and redb store call path","RECOVERY-002; ADOPT-001; PGAUTH-002; POSTGRES-004","Trace MessagePack-to-redb behavior in current code.","","",""
"NBV-014","REDB-CLAIM-020","NBSOURCE-001","architecture-proposal","queued","owner-decision-after-evidence","per-data-class current and target authority matrix","PGAUTH-002; ADOPT-001; ADOPT-002; STORE-001; POSTGRES-004","Resolve intermediate-buffer-only claim against durable current uses.","","",""
"NBV-015","REDB-CLAIM-021","NBSOURCE-001","current-implementation-claim","queued","local-code-trace-and-test","envctl/CodeDB ingestion, embedding, synchronization, and PostgreSQL call paths","ADOPT-001; ADOPT-002; POSTGRES-004; POSTGRES-005; POSTGRES-006; STORE-001","Separate implemented flow from missing integration.","","",""
"NBV-016","REDB-CLAIM-022","NBSOURCE-001","performance-claim","queued","reproducible-benchmark","operation-specific redb and PostgreSQL/RuVector latency distributions","PGAUTH-001; PGAUTH-002; POSTGRES-005; POSTGRES-006; STORE-001","Test microsecond/millisecond tier hypothesis.","","",""
"NBV-017","REDB-CLAIM-024","NBSOURCE-001","architecture-proposal","queued","local-code-trace-and-roundtrip-test","CodeDB materialization, envctl projection, branch selection, and reconstruction proof","ADOPT-001; ADOPT-002; POSTGRES-008; STORE-001","Identify existing materialization and missing selected-branch projection.","","",""
"NBV-018","REDB-CLAIM-027","NBSOURCE-001","comparison-claim","queued","local-source-then-official-upstream","AgentDB/RVF SONA and learning implementation source","PGAUTH-003; POSTGRES-006; STORE-001","Verify active-learning and ranking authority.","","",""
"NBV-019","REDB-CLAIM-028","NBSOURCE-001","comparison-claim","queued","local-source-then-official-upstream","RVF, MicroLoRA, FastGRNN, ruvllm format and runtime source","PGAUTH-003; POSTGRES-006; STORE-001","Verify format, hot-swap, routing, and scale claims.","","",""
"NBV-020","EDGE-CLAIM-001","NBSOURCE-002","architecture-proposal","queued","owner-decision-after-evidence","per-data-class hot-buffer suitability and recovery evidence","PGAUTH-002; POSTGRES-006; STORE-001","Decide embedded-buffer data classes and authority.","","",""
"NBV-021","EDGE-CLAIM-002","NBSOURCE-002","performance-claim","queued","reproducible-benchmark","actual edge runtime read/write benchmark with durability settings","PGAUTH-002; STORE-001; POSTGRES-009","Benchmark microsecond and no-network assertions.","","",""
"NBV-022","EDGE-CLAIM-003","NBSOURCE-002","architecture-proposal","queued","protocol-design-and-failure-test","flush worker, sequence, compression, transaction, acknowledgment, retry, and crash semantics","PGAUTH-001; PGAUTH-002; PGAUTH-006; POSTGRES-006; STORE-001","Define and test background flush protocol.","","",""
"NBV-023","EDGE-CLAIM-004","NBSOURCE-002","architecture-proposal","queued","owner-decision-after-protocol-proof","capacity, backpressure, replay, duplicates, conflicts, outage, and split-brain evidence","PGAUTH-002; PGAUTH-006; POSTGRES-006; STORE-001","Decide WAL/outbox/queue/buffer role and outage semantics.","","",""
"NBV-024","EDGE-CLAIM-005","NBSOURCE-002","source-provenance-claim","queued","citation-provenance-recovery","original references for source citation markers 1, 2, and 3","NBSOURCE-002; PGAUTH-002; STORE-001","Recover or mark citations unavailable; never infer them.","","",""
"NBV-025","NUPG-CLAIM-001","NBSOURCE-003","architecture-proposal","queued","owner-decision-after-local-protocol-evidence","current nu_plugin executable boundary and pinned Nushell plugin language/protocol requirements","FOUNDATION-001; RECOVERY-002; ADOPT-001; POSTGRES-004","Distinguish ecosystem choice from Nushell requirement and decide the retained plugin shape.","","",""
"NBV-026","NUPG-CLAIM-002","NBSOURCE-003","engine-fact","queued","local-source-and-tests","pinned Nushell serializer configuration, protocol source, and current plugin tests","RECOVERY-002; ADOPT-001; POSTGRES-004","Verify the exact current MessagePack protocol path.","","",""
"NBV-027","NUPG-CLAIM-003","NBSOURCE-003","comparison-claim","queued","local-source-and-wire-test","wire capture and source showing MessagePack and any JSON compatibility path","RECOVERY-002; ADOPT-001; POSTGRES-004","Verify the no-JSON-text boundary without excluding real compatibility behavior.","","",""
"NBV-028","NUPG-CLAIM-004","NBSOURCE-003","performance-claim","queued","reproducible-benchmark","protocol workload, baseline, allocations, memory copies, hardware, throughput, and p50/p95/p99","ADOPT-001; POSTGRES-004; POSTGRES-009","Benchmark optimization and direct-memory assertions.","","",""
"NBV-029","NUPG-CLAIM-005","NBSOURCE-003","current-implementation-claim","queued","local-code-trace-and-tests","nu_plugin commands, redb store calls, data classes, tests, commit, and CI receipt","RECOVERY-002; ADOPT-001; PGAUTH-002","Verify the exact current nu_plugin redb integration.","","",""
"NBV-030","NUPG-CLAIM-006","NBSOURCE-003","architecture-proposal","queued","owner-decision-after-capability-reconciliation","existing PgStore and redb capabilities, plugin boundaries, and proposed envctl bridge evidence","PGAUTH-001; PGAUTH-002; ADOPT-001; STORE-001; POSTGRES-004","Decide whether any new direct PostgreSQL plugin is needed without discarding PgStore.","","",""
"NBV-031","NUPG-CLAIM-007","NBSOURCE-003","current-implementation-claim","queued","local-code-trace-and-data-semantics","parser outputs, redb tables, source-blob authority, buffering semantics, retention, and materialization tests","RECOVERY-002; ADOPT-001; PGAUTH-002; STORE-001; POSTGRES-004","Resolve parsed-block buffer wording against current durable CodeDB use.","","",""
"NBV-032","NUPG-CLAIM-008","NBSOURCE-003","current-implementation-claim","queued","local-code-trace-and-integration-test","nu_plugin, envctl, and PostgreSQL call paths with trigger, identity, ordering, idempotency, retry, and failure evidence","ADOPT-001; ADOPT-002; PGAUTH-006; STORE-001; POSTGRES-004; POSTGRES-006","Prove or refute the automatic envctl synchronization bridge.","","",""
"NBV-033","NUPG-CLAIM-009","NBSOURCE-003","current-implementation-claim","queued","local-runtime-proof-and-owner-decision","PostgreSQL writes, transaction and recovery evidence, retention behavior, and approved durable-authority contract","PGAUTH-001; PGAUTH-002; PGAUTH-006; ADOPT-002; STORE-001; POSTGRES-006","Verify current commit behavior and decide durable authority and permanence semantics.","","",""
"NBV-034","NUPG-CLAIM-010","NBSOURCE-003","source-provenance-claim","queued","citation-provenance-recovery","original references and exact passages for citation markers 1 through 4","NBSOURCE-003; NBVERIFY-000; RECOVERY-002; STORE-001","Recover or mark citations unavailable; never infer them.","","",""
"NBV-035","SWARM-CLAIM-001","NBSOURCE-004","current-implementation-claim","queued","installed-launch-trace-and-acceptance-test","portable artifact identity, profile frontdoor, launcher, process tree, UI readiness, and acceptance evidence","FOUNDATION-003; POSTGRES-009; LIFEOS-010; RELEASE-002","Prove portable artifact launch through the active install owner.","","",""
"NBV-036","SWARM-CLAIM-002","NBSOURCE-004","current-implementation-claim","queued","local-source-and-installed-runtime-trace","Yazelix package owner, launch code, process tree, environment, and workspace responsibility evidence","FOUNDATION-001; FOUNDATION-003; LIFEOS-010","Verify Yazelix's exact active workspace-engine role.","","",""
"NBV-037","SWARM-CLAIM-003","NBSOURCE-004","current-implementation-claim","queued","profile-layout-and-launch-trace","profile-owned layout, generated Zellij state, process tree, panes, and launch logs","FOUNDATION-003; POSTGRES-009; LIFEOS-010","Verify installed Zellij initialization without editing generated runtime.","","",""
"NBV-038","SWARM-CLAIM-004","NBSOURCE-004","current-implementation-claim","queued","initializer-source-to-runtime-trace","owning initializer source, profile materialization, generated Nushell state, environment, and process proof","FOUNDATION-001; FOUNDATION-003; POSTGRES-009","Verify installed Nushell initialization through its owner.","","",""
"NBV-039","SWARM-CLAIM-005","NBSOURCE-004","current-implementation-claim","queued","local-orchestration-code-and-lifecycle-test","startup source, agent inventory, identities, authority gates, ordering, readiness, isolation, shutdown, and restart evidence","LIFEOS-003; LIFEOS-005; POSTGRES-006","Prove or refute automatic governed Ruvnet-agent startup.","","",""
"NBV-040","SWARM-CLAIM-006","NBSOURCE-004","current-implementation-claim","queued","reproducible-build-and-runtime-proof","ruvllm binary, version, build configuration, dependency closure, static-link definition, selection, and running process","FOUNDATION-001; FOUNDATION-003; LIFEOS-005; POSTGRES-006","Define and verify the static ruvllm runtime claim.","","",""
"NBV-041","SWARM-CLAIM-007","NBSOURCE-004","current-implementation-claim","queued","local-format-source-and-runtime-test",".rvf discovery, parser or loader, agent identity, authority, mutation, portability, retention, and recovery evidence","PGAUTH-003; LIFEOS-005; POSTGRES-006","Verify .rvf loading and per-agent cognitive-state boundaries.","","",""
"NBV-042","SWARM-CLAIM-008","NBSOURCE-004","architecture-proposal","queued","owner-decision-after-protocol-proof","UDS endpoint, protocol, identity, authorization, freshness, audit, failure, recovery, and local integration test","POSTGRES-007; POSTGRES-009; LIFEOS-010","Prove the UDS contract and obtain the transport owner decision.","","",""
"NBV-043","SWARM-CLAIM-009","NBSOURCE-004","architecture-proposal","queued","owner-decision-after-store-and-concurrency-proof","shared redb owner, schema, writer count, locking, snapshot, freshness, corruption, recovery, and PostgreSQL relationship","PGAUTH-002; PGAUTH-006; STORE-001; POSTGRES-007","Decide whether shared redb is a view, IPC mechanism, cache, or authority.","","",""
"NBV-044","SWARM-CLAIM-010","NBSOURCE-004","application-claim","queued","local-data-flow-and-ui-test","canonical status schema, agent identity, projection code, selected transport, UI state flow, and stale or unavailable behavior","POSTGRES-007; LIFEOS-010; EXPERIENCE-003","Trace canonical swarm status into the LifeOS UI.","","",""
"NBV-045","SWARM-CLAIM-011","NBSOURCE-004","performance-claim","queued","reproducible-end-to-end-benchmark","freshness budget, workload, event rate, hardware, transport, event-to-render p50/p95/p99, disconnect, and stale detection","POSTGRES-007; LIFEOS-010; EXPERIENCE-003","Benchmark and define the real-time status claim.","","",""
"NBV-046","SWARM-CLAIM-012","NBSOURCE-004","architecture-proposal","queued","owner-decision-after-consistency-and-failure-test","canonical writer, projection rules, snapshot version, consistency, dual-write prevention, conflict, and split-brain recovery evidence","PGAUTH-002; PGAUTH-006; STORE-001; POSTGRES-007","Prove a no-overlap state design and obtain the authority decision.","","",""
"NBV-047","SWARM-CLAIM-013","NBSOURCE-004","current-implementation-claim","queued","local-algorithm-source-and-evaluation-test","orchestrator source, Temporal Strange Attractor implementation, input and output schemas, uncertainty, evaluation data, accuracy, and runtime evidence","LPS-005; LIFEOS-003; POSTGRES-005","Verify or refute current Temporal Strange Attractor timeline forecasting.","","",""
"NBV-048","SWARM-CLAIM-014","NBSOURCE-004","source-provenance-claim","queued","citation-provenance-recovery","original references and exact passages for citation markers 1 through 3","NBSOURCE-004; NBVERIFY-000; FOUNDATION-003; POSTGRES-006; POSTGRES-007","Recover or mark citations unavailable; never infer them.","","",""
"NBV-049","DBX-CLAIM-001","NBSOURCE-005","architecture-proposal","queued","owner-decision-after-authority-and-roundtrip-proof","editable state, branch authority, approvals, witnesses, rollback, source reconstruction, and cutover evidence","LIFEOS-002; LIFEOS-003; POSTGRES-003; POSTGRES-005","Decide bounded database rewriting only after reversible authority proof.","","",""
"NBV-050","DBX-CLAIM-002","NBSOURCE-005","architecture-proposal","queued","owner-decision-after-coverage-reconciliation","semantic editing, defense, truth, authority, simulation, proof, rollback, and acceptance coverage","LIFEOS-003; POSTGRES-005; LPS-005","Reconcile the three milestones with the canonical governed graph.","","",""
"NBV-051","DBX-CLAIM-003","NBSOURCE-005","application-claim","queued","local-query-source-and-retrieval-evaluation","schema, embedding provenance, hybrid query, ranking, exactness metric, authorization, precision, and recall","LIFEOS-003; POSTGRES-005; POSTGRES-007","Verify semantic exact-function retrieval.","","",""
"NBV-052","DBX-CLAIM-004","NBSOURCE-005","engine-fact","queued","local-extension-source-and-query-test","pinned RuVector version, operator syntax, operand types, distance semantics, index support, and query plan","ADOPT-002; POSTGRES-005","Verify the claimed RuVector operator expression.","","",""
"NBV-053","DBX-CLAIM-005","NBSOURCE-005","comparison-claim","queued","reproducible-workload-comparison","file and database workflows, data size, ingestion, memory, latency, reconstruction, and hardware","POSTGRES-004; POSTGRES-005","Measure the no-massive-text-loading comparison.","","",""
"NBV-054","DBX-CLAIM-006","NBSOURCE-005","application-claim","queued","branch-transaction-and-roundtrip-test","schema, authorization, transaction, branch, witness, validation, merge, rollback, projection, and reconstruction","POSTGRES-003; POSTGRES-005; POSTGRES-010","Verify governed SQL UPDATE code editing.","","",""
"NBV-055","DBX-CLAIM-007","NBSOURCE-005","application-claim","queued","local-algorithm-and-policy-test","MinCut source, graph input, isolation policy, authority, false positives, recovery, and proof","LIFEOS-003; POSTGRES-005; LPS-005","Verify the immune-system application claim.","","",""
"NBV-056","DBX-CLAIM-008","NBSOURCE-005","application-claim","queued","local-monitoring-and-attribution-test","monitoring source, cadence, graph freshness, corruption predicate, agent attribution, audit, and failure behavior","LIFEOS-003; POSTGRES-005","Verify dependency monitoring and attribution.","","",""
"NBV-057","DBX-CLAIM-009","NBSOURCE-005","performance-claim","queued","reproducible-detection-to-isolation-benchmark","authority, threshold, workload, hardware, p50/p95/p99, false positives, races, recovery, and rollback","LIFEOS-003; POSTGRES-005; POSTGRES-009","Benchmark and qualify instant agent cutoff.","","",""
"NBV-058","DBX-CLAIM-010","NBSOURCE-005","application-claim","queued","local-cryptographic-source-and-verification-test","witness format, signer authority, chain construction, storage, validation, revocation, and recovery","LIFEOS-003; POSTGRES-005; LPS-005","Verify witness-chain enforcement.","","",""
"NBV-059","DBX-CLAIM-011","NBSOURCE-005","application-claim","queued","cryptographic-lineage-and-replay-test","source-vector identity, change identity, construction, completeness, replay, mutation, and reconstruction","LIFEOS-003; POSTGRES-005","Verify complete change-to-source-vector lineage.","","",""
"NBV-060","DBX-CLAIM-012","NBSOURCE-005","application-claim","queued","threat-model-and-adversarial-test","trust assumptions, key compromise, parser correctness, fake dependencies, adversarial corpus, detection, and rejection evidence","LIFEOS-003; POSTGRES-005; LPS-005","Replace impossible with a bounded verified security claim.","","",""
"NBV-061","DBX-CLAIM-013","NBSOURCE-005","architecture-proposal","queued","owner-decision-after-phase-dependency-proof","canonical dependencies, materialization, portable build, runtime, rollback, and release acceptance","LIFEOS-011; POSTGRES-008; POSTGRES-009; RELEASE-002","Decide Phase 4 order after end-to-end proof design.","","",""
"NBV-062","DBX-CLAIM-014","NBSOURCE-005","source-provenance-claim","queued","citation-provenance-recovery","original references and exact passages for citation markers 1 through 5","NBSOURCE-005; NBVERIFY-000; POSTGRES-005","Recover or mark citations unavailable; never infer them.","","",""
"NBV-063","TA-CLAIM-001","NBSOURCE-006","current-implementation-claim","queued","local-model-source-and-evaluation","Temporal Attractor implementation, outputs, uncertainty, evaluation, authority, and runtime evidence","LIFEOS-003; POSTGRES-005; LPS-005","Verify current timeline prediction.","","",""
"NBV-064","TA-CLAIM-002","NBSOURCE-006","architecture-proposal","queued","owner-decision-after-model-suitability-test","state space, mathematical bounds, observability, stability, counterexamples, and suitability evidence","LIFEOS-003; POSTGRES-005; LPS-005","Test and decide the chaotic bounded model.","","",""
"NBV-065","TA-CLAIM-003","NBSOURCE-006","current-implementation-claim","queued","local-data-flow-and-encoding-test","versioned codebase snapshot, identity, freshness, provenance, encoding, and model input path","POSTGRES-004; POSTGRES-005; LPS-005","Verify codebase-state input.","","",""
"NBV-066","TA-CLAIM-004","NBSOURCE-006","current-implementation-claim","queued","local-data-flow-and-policy-test","prompt identity, consent, privacy, versioning, encoding, and model input path","LIFEOS-003; LPS-005","Verify governed prompt input.","","",""
"NBV-067","TA-CLAIM-005","NBSOURCE-006","current-implementation-claim","queued","local-resource-model-and-freshness-test","resource identities, capacities, freshness, scheduling semantics, encoding, and model input path","LIFEOS-003; LIFEOS-005; LPS-005","Verify swarm-resource input.","","",""
"NBV-068","TA-CLAIM-006","NBSOURCE-006","current-implementation-claim","queued","local-model-source-and-runtime-test","ESN source, version, topology, weights, reservoir configuration, determinism, and running use","LIFEOS-005; POSTGRES-005; LPS-005","Verify ESN implementation and runtime.","","",""
"NBV-069","TA-CLAIM-007","NBSOURCE-006","application-claim","queued","mathematical-definition-and-evaluation","trajectory representation, definition, calibration, uncertainty, stability, and evaluation","POSTGRES-005; LPS-005","Verify trajectory calculation semantics.","","",""
"NBV-070","TA-CLAIM-008","NBSOURCE-006","current-implementation-claim","queued","local-parallel-orchestration-and-repeatability-test","ensemble source, instance count, isolation, determinism, resource limits, and repeated outputs","LIFEOS-003; POSTGRES-005; LPS-005","Verify parallel ESN ensembles.","","",""
"NBV-071","TA-CLAIM-009","NBSOURCE-006","application-claim","queued","perturbation-sensitivity-and-reproducibility-test","variables, distributions, seeds, branch identity, sensitivity, and reproducibility","POSTGRES-005; LPS-005","Verify future-branch perturbation logic.","","",""
"NBV-072","TA-CLAIM-010","NBSOURCE-006","performance-claim","queued","reproducible-horizon-benchmark","step definition, workload, branching, compute, hardware, accuracy decay, uncertainty, and percentiles","POSTGRES-005; POSTGRES-009; LPS-005","Benchmark and qualify the 100-step horizon.","","",""
"NBV-073","TA-CLAIM-011","NBSOURCE-006","application-claim","queued","bounds-predicate-and-counterexample-test","bounds, observables, attribution, hallucination and loop predicates, false positives, and counterexamples","LIFEOS-003; POSTGRES-005; LPS-005","Verify out-of-bounds failure indicators.","","",""
"NBV-074","TA-CLAIM-012","NBSOURCE-006","current-implementation-claim","queued","calibrated-prediction-and-failure-test","implementation, accuracy, uncertainty, false positives and negatives, intervention, and evaluation corpus","LIFEOS-003; POSTGRES-005; LPS-005","Qualify pre-production failure prediction.","","",""
"NBV-075","TA-CLAIM-013","NBSOURCE-006","source-provenance-claim","queued","citation-provenance-recovery","original references and exact passages for citation markers 1 through 3","NBSOURCE-006; NBVERIFY-000; LPS-005","Recover or mark citations unavailable; never infer them.","","",""
"NBV-076","COGEVO-CLAIM-001","NBSOURCE-007","architecture-proposal","queued","Define passive and active per state class, then reconcile the distinction against engine source and the canonical owner decision.","Owner-reviewed state-class matrix; pinned redb and AgentDB source/docs; explicit accepted definitions and counterexamples.","POSTGRES-001; PGAUTH-002; PGAUTH-003; STORE-001","Define passive and active per state class, then reconcile the distinction against engine source and the canonical owner decision.","","",""
"NBV-077","COGEVO-CLAIM-002","NBSOURCE-007","engine-fact-and-comparison-claim","queued","Inspect the pinned redb version, API, transaction behavior, and every current/proposed record class; define passive without inferring transient-only authority.","Pinned Cargo lock/features; official redb source/docs; local table/use-case inventory; owner-approved role matrix.","PGAUTH-002; POSTGRES-006; STORE-001","Inspect the pinned redb version, API, transaction behavior, and every current/proposed record class; define passive without inferring transient-only authority.","","",""
"NBV-078","COGEVO-CLAIM-003","NBSOURCE-007","application-claim","queued","Trace the actual retrieval and ranking call paths and assign each mathematical operation to redb, AgentDB, RuVector, or application code.","Pinned source call graph; concrete query fixtures; operation ownership table; result traces.","PGAUTH-002; POSTGRES-005; POSTGRES-006; STORE-001","Trace the actual retrieval and ranking call paths and assign each mathematical operation to redb, AgentDB, RuVector, or application code.","","",""
"NBV-079","COGEVO-CLAIM-004","NBSOURCE-007","current-application-behavior-claim","queued","Inspect current model-update and ranking pipelines and test whether updates are manual, automated, online, offline, or absent without mutating models.","Pinned training/update orchestration source; model/version ledger; read-only workflow traces; owner-approved learning boundary.","LIFEOS-005; PGAUTH-002; POSTGRES-006; STORE-001","Inspect current model-update and ranking pipelines and test whether updates are manual, automated, online, offline, or absent without mutating models.","","",""
"NBV-080","COGEVO-CLAIM-005","NBSOURCE-007","current-engine-behavior-claim","queued","Inspect pinned AgentDB implementation and runtime interfaces, then enumerate mutable cognitive state and learning triggers.","Pinned AgentDB source/version; public data model/API; fixture demonstrating state before and after an authorized learning event.","LIFEOS-005; PGAUTH-003; POSTGRES-006; STORE-001","Inspect pinned AgentDB implementation and runtime interfaces, then enumerate mutable cognitive state and learning triggers.","","",""
"NBV-081","COGEVO-CLAIM-006","NBSOURCE-007","current-engine-format-claim","queued","Inspect the RVF format and loader and round-trip a non-mutating fixture while inventorying external dependencies and identities.","Pinned RVF specification/source; fixture hash; parse/round-trip manifest; dependency and version metadata.","PGAUTH-003; POSTGRES-006; STORE-001","Inspect the RVF format and loader and round-trip a non-mutating fixture while inventorying external dependencies and identities.","","",""
"NBV-082","COGEVO-CLAIM-007","NBSOURCE-007","current-engine-behavior-claim","queued","Locate the exact learning implementation and configuration, identify reward and update paths, and run isolated deterministic fixtures only in a later authorized verification task.","Pinned source and algorithm docs; configuration; reward-event schema; deterministic fixture and update trace.","LIFEOS-005; PGAUTH-003; POSTGRES-006; STORE-001","Locate the exact learning implementation and configuration, identify reward and update paths, and run isolated deterministic fixtures only in a later authorized verification task.","","",""
"NBV-083","COGEVO-CLAIM-008","NBSOURCE-007","current-engine-behavior-and-authority-claim","queued","Trace weight-update ownership and require policy, identity, witness, bounded mutation, rollback, and recovery tests before accepting autonomous behavior.","Pinned update source; policy/authorization contract; before/after weight identity; witness/provenance record; deny and rollback traces.","LIFEOS-003; LIFEOS-005; PGAUTH-003; POSTGRES-006; STORE-001","Trace weight-update ownership and require policy, identity, witness, bounded mutation, rollback, and recovery tests before accepting autonomous behavior.","","",""
"NBV-084","COGEVO-CLAIM-009","NBSOURCE-007","current-engine-behavior-claim","queued","Trace ranking storage, update, and retrieval paths and evaluate changes against a versioned fixture and metric.","Pinned ranking source/schema; query/update traces; before/after fixture; quality and regression metrics.","POSTGRES-005; PGAUTH-003; POSTGRES-006; STORE-001","Trace ranking storage, update, and retrieval paths and evaluate changes against a versioned fixture and metric.","","",""
"NBV-085","COGEVO-CLAIM-010","NBSOURCE-007","current-application-and-engine-integration-claim","queued","Define success/failure events and trace witnessed events through reward calculation, update, retention, promotion, and recovery.","Versioned outcome schema; witness-bound event fixture; reward mapping; update trace; adversarial and rollback tests.","LIFEOS-003; LIFEOS-005; PGAUTH-003; POSTGRES-006; STORE-001","Define success/failure events and trace witnessed events through reward calculation, update, retention, promotion, and recovery.","","",""
"NBV-086","COGEVO-CLAIM-011","NBSOURCE-007","authority-proposal","queued","Resolve every state class in the owner-approved synchronization/recovery matrix while preserving valid current redb roles and constraining AgentDB to per-agent cognition unless explicitly decided otherwise.","Complete data-class authority matrix; directional synchronization and promotion rules; identity/recovery owners; explicit David approval.","POSTGRES-001; PGAUTH-002; PGAUTH-003; PGAUTH-006; POSTGRES-006; STORE-001","Resolve every state class in the owner-approved synchronization/recovery matrix while preserving valid current redb roles and constraining AgentDB to per-agent cognition unless explicitly decided otherwise.","","",""
"NBV-087","COGEVO-CLAIM-012","NBSOURCE-007","question-claim","queued","Retain as a question and verify any later forecasting claim independently against pinned source, evaluation, simulation boundaries, and owner authority.","Separate source claim; pinned orchestrator/model source; versioned dataset; calibrated metrics and uncertainty; non-executing simulation proof.","LIFEOS-003; POSTGRES-005; LPS-005; NBVERIFY-000","Retain as a question and verify any later forecasting claim independently against pinned source, evaluation, simulation boundaries, and owner authority.","","","Question preserved as question."
"NBV-088","COGEVO-CLAIM-013","NBSOURCE-007","question-claim","queued","Retain as a question; separately verify any ESN claim with pinned implementation and reproducible forecasting evaluation.","Pinned ESN source/version; dataset split; hyperparameters; baseline comparison; error/uncertainty metrics; runtime trace.","POSTGRES-005; LPS-005; NBVERIFY-000","Retain as a question; separately verify any ESN claim with pinned implementation and reproducible forecasting evaluation.","","","Question preserved as question."
"NBV-089","COGEVO-CLAIM-014","NBSOURCE-007","source-provenance-claim","queued","Recover immutable reference identities and exact supporting passages from source metadata or the owner; otherwise record them unavailable.","Reference title/author/version/URI and exact passage mapped to each cited claim.","NBVERIFY-000; PGAUTH-002; PGAUTH-003; POSTGRES-006; STORE-001","Recover immutable reference identities and exact supporting passages from source metadata or the owner; otherwise record them unavailable.","","",""
"NBV-090","DBBR-CLAIM-001","NBSOURCE-008","current-implementation-claim","queued","local-source-and-schema-inspection plus controlled concurrent-edit, rollback, and recovery tests","branch schema/migrations, implementation call path, transaction/isolation contract, deterministic concurrent-write test, rollback/recovery trace","POSTGRES-005; PGAUTH-006","Trace the database branch schema and COW implementation; prove branch identity, read/write isolation, concurrent conflict behavior, cleanup, retention, recovery, and no dual-write authority.","","",""
"NBV-091","DBBR-CLAIM-002","NBSOURCE-008","current-implementation-claim","queued","local schema/source inspection plus parallel branch creation, conflicting edits, visibility, cleanup, and recovery tests","branch identity model, COW materialization rules, isolation and conflict tests, resource/retention policy, rollback receipt","POSTGRES-005; PGAUTH-006","Define and prove clone boundary, inherited identities, COW storage behavior, read visibility, write conflict policy, cross-branch references, isolation level, and deletion/retention rules.","","",""
"NBV-092","DBBR-CLAIM-003","NBSOURCE-008","current-implementation-claim","queued","authority-matrix review plus local call-path inspection and branch-scoped authorization/rollback tests","data-class authority matrix, agent capability policy, write call path, transaction and audit records, validation/witness trace, reconstruction and rollback test","POSTGRES-003; POSTGRES-005; POSTGRES-010; LIFEOS-003","Obtain an owner decision for bounded editable rows and prove branch-scoped agent identity, authorization, validation, transaction scope, witness/provenance, source reconstruction, rollback, and cutover controls.","","",""
"NBV-093","DBBR-CLAIM-004","NBSOURCE-008","current-implementation-claim","queued","test-specification review plus deterministic replay and failure-injection evaluation","versioned test plan, stability/success definition, test logs and artifacts, reproducible replay, flake/failure policy, approval record","POSTGRES-005; LPS-005; LPS-006","Define test suite identity, inputs, deterministic environment, stability metric, pass threshold, flaky-test policy, provenance, reviewer/owner gate, and failure evidence; do not treat an undefined test result as a merge authority.","","",""
"NBV-094","DBBR-CLAIM-005","NBSOURCE-008","current-implementation-claim","queued","merge-gate source inspection plus controlled promotion, conflict, partial-failure, external-effect denial, and rollback tests","merge contract, approver policy, witness/audit schema, promotion trace, conflict/partial-failure tests, rollback receipt","POSTGRES-005; POSTGRES-010; LPS-006","Require an owner-approved, deterministic, witness-bound promotion gate with atomic merge semantics, idempotency, conflict handling, external-effect boundary, audit trail, and reversible rollback.","","",""
"NBV-095","DBBR-CLAIM-006","NBSOURCE-008","current-implementation-claim","queued","fault-injection and recovery testing with retained failed-branch evidence","rollback implementation, failure matrix, database transaction trace, retained failed-branch audit, recovery and repeated-rollback tests","POSTGRES-005; LPS-006","Define failure detection, rollback scope, durable audit/failed-branch retention, idempotency, partial-failure handling, external-effect containment, and recovery procedure.","","",""
"NBV-096","DBBR-CLAIM-007","NBSOURCE-008","absolute-outcome-claim","queued","owner decision plus fault-injection across database, projection, source tree, partial merge, and rollback paths","dirty-state definition, divergence detector, projection contract, failure matrix, reconstruction/failback trace, owner acceptance","POSTGRES-005; POSTGRES-010; LPS-006","Replace the absolute result with a bounded repository/source-projection contract and prove dirty-state detection, source/database divergence handling, merge failure recovery, external-effect containment, reconstruction, and failback.","","",""
"NBV-097","DBBR-QUESTION-001","NBSOURCE-008","question-claim","queued","threat-model and owner-decision review followed by adversarial evaluation","threat model, trust/key assumptions, witness/provenance design, adversarial test results, false-positive/negative policy, owner decision","POSTGRES-005; LPS-005; LIFEOS-003","Keep the truthfulness mechanism unresolved until a bounded threat model, provenance/witness policy, adversarial tests, failure/recovery behavior, and owner approval are provided.","","","Question preserved as question."
"NBV-098","DBBR-QUESTION-002","NBSOURCE-008","question-claim","queued","source-projection and release-contract review followed by reversible end-to-end proof","projection contract, content identity/provenance, clean build/run receipt, release approval, rollback/failback proof","POSTGRES-010; LIFEOS-011; RELEASE-002","Keep export/projection unresolved until the approved source-of-truth, deterministic materialization, provenance, validation, release, rollback, and owner-approval gates are established.","","","Question preserved as question."
"NBV-099","DBBR-PROVENANCE-001","NBSOURCE-008","source-provenance-claim","queued","citation-provenance recovery","original reference objects and exact passages for [1], [2], and [3]","NBVERIFY-000; POSTGRES-005","Recover the exact referenced objects and passages from the source owner or NotebookLM metadata, or record each citation as unavailable; do not infer its identity.","","",""
"NBV-100","ATAS-CLAIM-001","NBSOURCE-009","architecture-proposal","queued","owner decision, local design/source inspection, controlled replay and promotion-gate test","ATAS design or source; selection schema; replay trace; promotion audit","POSTGRES-005; LPS-005","owner decision, local design/source inspection, controlled replay and promotion-gate test","","",""
"NBV-101","ATAS-CLAIM-002","NBSOURCE-009","architecture-proposal","queued","local schema/source inspection, owner decision, isolation/concurrency/failure tests","branch identities; COW schema; isolation semantics; concurrent-write and rollback tests","POSTGRES-005","local schema/source inspection, owner decision, isolation/concurrency/failure tests","","",""
"NBV-102","ATAS-CLAIM-003","NBSOURCE-009","current-implementation-claim","queued","local call-path inspection plus hermetic-cell/isolation test","sandbox executor source; side-effect policy; capability boundaries; isolation/rollback trace","POSTGRES-005; LPS-006","local call-path inspection plus hermetic-cell/isolation test","","",""
"NBV-103","ATAS-CLAIM-004","NBSOURCE-009","current-implementation-claim","queued","local algorithm/source inspection, deterministic scoring evaluation, witness-chain review, owner-approved promotion-gate test","model version; inputs/outputs; scoring/tie-break; calibration/evaluation; witness and gated promotion traces","POSTGRES-005; LPS-005","local algorithm/source inspection, deterministic scoring evaluation, witness-chain review, owner-approved promotion-gate test","","",""
"NBV-104","ATAS-CLAIM-005","NBSOURCE-009","architecture-proposal","queued","owner decision plus fault-injection/replay testing of merge, external side effects, concurrency, partial failure, and rollback","merge contract; side-effect boundary; idempotency; failure matrix; rollback proof; owner acceptance","POSTGRES-005; LPS-005","owner decision plus fault-injection/replay testing of merge, external side effects, concurrency, partial failure, and rollback","","",""
"NBV-105","ATAS-CLAIM-006","NBSOURCE-009","source-provenance-claim","queued","citation-provenance recovery from source owner or NotebookLM metadata; otherwise record citations unavailable","original references and exact passages for [1], [2], and [3]","NBVERIFY-000; POSTGRES-005","citation-provenance recovery from source owner or NotebookLM metadata; otherwise record citations unavailable","","",""
"NBV-106","ATAS-QUESTION-001","NBSOURCE-009","question-claim","queued","local-source-runtime-authority-and-benchmark-proof","Keep this as a question and verify any later MinCut assertion through pinned source, runtime traces, authority rules, failure tests, and benchmarks.","LIFEOS-003; POSTGRES-005; NBVERIFY-000","Keep this as a question and verify any later MinCut assertion through pinned source, runtime traces, authority rules, failure tests, and benchmarks.","","","Question preserved as question."
"NBV-107","ATAS-QUESTION-002","NBSOURCE-009","question-claim","queued","threat-model-source-and-adversarial-test","Keep this as a question and require a bounded threat model, mechanism source, adversarial tests, and witnessed proof before any truthfulness claim.","LIFEOS-003; POSTGRES-005; LPS-005; NBVERIFY-000","Keep this as a question and require a bounded threat model, mechanism source, adversarial tests, and witnessed proof before any truthfulness claim.","","","Question preserved as question."
"NBV-108","EDGEDEP-CLAIM-001","NBSOURCE-010","architecture-proposal","queued","owner-decision-after-local-runtime-and-deployment-boundary-proof","owner-decision-after-local-runtime-and-deployment-boundary-proof","FOUNDATION-001; FOUNDATION-003; LIFEOS-005; POSTGRES-009","owner-decision-after-local-runtime-and-deployment-boundary-proof","","",""
"NBV-109","EDGEDEP-CLAIM-002","NBSOURCE-010","current-implementation-claim","queued","local-source-build-and-installed-runtime-proof","local-source-build-and-installed-runtime-proof","FOUNDATION-001; FOUNDATION-003; POSTGRES-006","local-source-build-and-installed-runtime-proof","","",""
"NBV-110","EDGEDEP-CLAIM-003","NBSOURCE-010","architecture-proposal","queued","runtime-process-memory-and-model-ownership-trace","runtime-process-memory-and-model-ownership-trace","FOUNDATION-001; POSTGRES-006; PGAUTH-003","runtime-process-memory-and-model-ownership-trace","","",""
"NBV-111","EDGEDEP-CLAIM-004","NBSOURCE-010","performance-claim","queued","reproducible-edge-benchmark-with-hardware-model-and-vram-measurements","reproducible-edge-benchmark-with-hardware-model-and-vram-measurements","FOUNDATION-001; POSTGRES-006","reproducible-edge-benchmark-with-hardware-model-and-vram-measurements","","",""
"NBV-112","EDGEDEP-CLAIM-005","NBSOURCE-010","current-implementation-claim","queued","local-format-source-and-runtime-loader-proof","local-format-source-and-runtime-loader-proof","PGAUTH-003; POSTGRES-006; LIFEOS-005","local-format-source-and-runtime-loader-proof","","",""
"NBV-113","EDGEDEP-CLAIM-006","NBSOURCE-010","engine-fact","queued","AgentDB/RVF format source and fixture inspection","AgentDB/RVF format source and fixture inspection","PGAUTH-003; POSTGRES-006","AgentDB/RVF format source and fixture inspection","","",""
"NBV-114","EDGEDEP-CLAIM-007","NBSOURCE-010","performance-claim","queued","reproducible adapter-swap benchmark with workload hardware and p50/p95/p99","reproducible adapter-swap benchmark with workload hardware and p50/p95/p99","PGAUTH-003; POSTGRES-006","reproducible adapter-swap benchmark with workload hardware and p50/p95/p99","","",""
"NBV-115","EDGEDEP-CLAIM-008","NBSOURCE-010","application-claim","queued","agent-identity-to-adapter mapping and behavioral acceptance test","agent-identity-to-adapter mapping and behavioral acceptance test","PGAUTH-003; POSTGRES-006; LIFEOS-005","agent-identity-to-adapter mapping and behavioral acceptance test","","",""
"NBV-116","EDGEDEP-CLAIM-009","NBSOURCE-010","architecture-proposal","queued","redb call-path trace followed by explicit authority and data-class owner decision","redb call-path trace followed by explicit authority and data-class owner decision","PGAUTH-002; STORE-001; POSTGRES-006","redb call-path trace followed by explicit authority and data-class owner decision","","",""
"NBV-117","EDGEDEP-CLAIM-010","NBSOURCE-010","performance-claim","queued","local write-path benchmark with durability mode outage behavior and latency percentiles","local write-path benchmark with durability mode outage behavior and latency percentiles","PGAUTH-002; PGAUTH-006; STORE-001; POSTGRES-006","local write-path benchmark with durability mode outage behavior and latency percentiles","","",""
"NBV-118","EDGEDEP-CLAIM-011","NBSOURCE-010","source-provenance-claim","queued","citation-provenance-recovery-or-explicit-unavailable-record","citation-provenance-recovery-or-explicit-unavailable-record","NBVERIFY-000; PGAUTH-002; PGAUTH-003; POSTGRES-006","citation-provenance-recovery-or-explicit-unavailable-record","","",""
"NBV-119","EDGEDEP-QUESTION-001","NBSOURCE-010","question-claim","queued","owner-decision-after-phase-gates","Keep the phase transition closed until canonical dependencies, authority, rollback, and acceptance gates pass and the owner decides.","LIFEOS-003; POSTGRES-005; POSTGRES-010","Keep the phase transition closed until canonical dependencies, authority, rollback, and acceptance gates pass and the owner decides.","","","Question preserved as question."
"NBV-120","EDGEDEP-QUESTION-002","NBSOURCE-010","question-claim","queued","pinned-format-source-and-runtime-fixture","Keep this as a question and inspect pinned RVF format source, fixtures, identity, loading, mutation, recovery, and runtime behavior.","PGAUTH-003; POSTGRES-006; NBVERIFY-000","Keep this as a question and inspect pinned RVF format source, fixtures, identity, loading, mutation, recovery, and runtime behavior.","","","Question preserved as question."
"NBV-121","NIXSTATIC-CLAIM-001","NBSOURCE-011","engine-fact","queued","primary-local-evidence-or-owner-decision","Prove the selected target and release configuration from the owning package source, then retain only the owner-approved target.","FOUNDATION-001; FOUNDATION-002; POSTGRES-009","Prove the selected target and release configuration from the owning package source, then retain only the owner-approved target.","","",""
"NBV-122","NIXSTATIC-CLAIM-002","NBSOURCE-011","engine-fact","queued","primary-local-evidence-or-owner-decision","Produce the actual artifact and inspect its dependency closure rather than infer full static linkage from the target name.","FOUNDATION-001; FOUNDATION-003; POSTGRES-009","Produce the actual artifact and inspect its dependency closure rather than infer full static linkage from the target name.","","",""
"NBV-123","NIXSTATIC-CLAIM-003","NBSOURCE-011","engine-fact","queued","primary-local-evidence-or-owner-decision","Inspect the built artifact and run a bounded portability test that checks interpreter, RPATH or RUNPATH, dynamic dependencies, and execution outside the build path.","FOUNDATION-001; FOUNDATION-003; POSTGRES-009","Inspect the built artifact and run a bounded portability test that checks interpreter, RPATH or RUNPATH, dynamic dependencies, and execution outside the build path.","","",""
"NBV-124","NIXSTATIC-CLAIM-004","NBSOURCE-011","architecture-proposal","queued","primary-local-evidence-or-owner-decision","The foundation and release owners must select or reject this artifact route after reproducibility, provenance, update, rollback, and runtime tests.","FOUNDATION-001; FOUNDATION-003; POSTGRES-009; RELEASE-002","The foundation and release owners must select or reject this artifact route after reproducibility, provenance, update, rollback, and runtime tests.","","",""
"NBV-125","NIXSTATIC-CLAIM-005","NBSOURCE-011","architecture-proposal","queued","primary-local-evidence-or-owner-decision","The foundation and release owners must decide whether this mechanism meets the confinement, platform, update, provenance, and rollback contract.","FOUNDATION-001; FOUNDATION-003; POSTGRES-009; RELEASE-002","The foundation and release owners must decide whether this mechanism meets the confinement, platform, update, provenance, and rollback contract.","","",""
"NBV-126","NIXSTATIC-CLAIM-006","NBSOURCE-011","architecture-proposal","queued","primary-local-evidence-or-owner-decision","Define portable and install-in-place acceptance criteria, then prove them on an owner-selected artifact and consumer route.","FOUNDATION-003; POSTGRES-009; RELEASE-002","Define portable and install-in-place acceptance criteria, then prove them on an owner-selected artifact and consumer route.","","",""
"NBV-127","NIXSTATIC-CLAIM-007","NBSOURCE-011","source-provenance-claim","queued","primary-local-evidence-or-owner-decision","Recover exact primary-source citations or record them unavailable; do not use the markers as verification.","NBVERIFY-000; FOUNDATION-003; POSTGRES-009","Recover exact primary-source citations or record them unavailable; do not use the markers as verification.","","",""
"NBV-128","NIXSTATIC-QUESTION-001","NBSOURCE-011","question-claim","queued","source-to-profile-installed-runtime-trace","Keep this as a question and prove the owner package, profile frontdoor, generated-runtime boundary, process trace, failure path, and rollback on the selected artifact.","FOUNDATION-003; POSTGRES-009; RELEASE-002","Keep this as a question and prove the owner package, profile frontdoor, generated-runtime boundary, process trace, failure path, and rollback on the selected artifact.","","","Question preserved as question."
"NBV-129","NIXSTATIC-QUESTION-002","NBSOURCE-011","question-claim","queued","local-plugin-source-protocol-and-runtime-trace","Keep this as a question and verify plugin identity, protocol, authority, data flow, backpressure, failure handling, and runtime traces.","ADOPT-001; POSTGRES-004; POSTGRES-006; NBVERIFY-000","Keep this as a question and verify plugin identity, protocol, authority, data flow, backpressure, failure handling, and runtime traces.","","","Question preserved as question."
"NBV-130","BAREMETAL-CLAIM-001","NBSOURCE-012","current-implementation-claim","queued","local-source-call-path-and-runtime-transport-trace","Trace the current LifeOS-to-Yazelix communication call path and prove that no HTTP/REST compatibility, fallback, or control-plane route is active before accepting the exclusion.","POSTGRES-007; POSTGRES-009; LIFEOS-010","Trace the current LifeOS-to-Yazelix communication call path and prove that no HTTP/REST compatibility, fallback, or control-plane route is active before accepting the exclusion.","","",""
"NBV-131","BAREMETAL-CLAIM-002","NBSOURCE-012","current-implementation-claim","queued","local-protocol-source-and-runtime-socket-trace","Identify the UDS endpoint, owner, schema, request and response contract, identity, authorization, audit, freshness, failure, and recovery behavior, then prove the running transport.","POSTGRES-007; POSTGRES-009; LIFEOS-010","Identify the UDS endpoint, owner, schema, request and response contract, identity, authorization, audit, freshness, failure, and recovery behavior, then prove the running transport.","","",""
"NBV-132","BAREMETAL-CLAIM-003","NBSOURCE-012","current-implementation-claim","queued","local-source-and-runtime-file-access-trace-followed-by-owner-decision","Trace any current shared-redb reader path and decide whether shared redb is a derived view, cache, IPC surface, or authority; define single-writer, locking, schema, snapshot, freshness, corruption, and recovery semantics.","PGAUTH-002; PGAUTH-006; STORE-001; POSTGRES-006; POSTGRES-007","Trace any current shared-redb reader path and decide whether shared redb is a derived view, cache, IPC surface, or authority; define single-writer, locking, schema, snapshot, freshness, corruption, and recovery semantics.","","",""
"NBV-133","BAREMETAL-CLAIM-004","NBSOURCE-012","performance-claim","queued","reproducible-end-to-end-benchmark","Define a freshness service level and benchmark end-to-end event-to-render latency, event rate, hardware, workload, disconnect behavior, and stale-state detection with p50, p95, and p99 results.","POSTGRES-007; LIFEOS-010; EXPERIENCE-003","Define a freshness service level and benchmark end-to-end event-to-render latency, event rate, hardware, workload, disconnect behavior, and stale-state detection with p50, p95, and p99 results.","","",""
"NBV-134","BAREMETAL-CLAIM-005","NBSOURCE-012","current-implementation-claim","queued","local-source-concurrency-trace-and-failure-test","Prove the exact reader and writer processes, redb version, transaction model, writer count, locking, snapshot consistency, schema versioning, permissions, corruption handling, and recovery authority.","PGAUTH-002; PGAUTH-006; STORE-001; POSTGRES-006; POSTGRES-007","Prove the exact reader and writer processes, redb version, transaction model, writer count, locking, snapshot consistency, schema versioning, permissions, corruption handling, and recovery authority.","","",""
"NBV-135","BAREMETAL-CLAIM-006","NBSOURCE-012","architecture-proposal","queued","consistency-model-and-failure-test-followed-by-owner-decision","Define overlap precisely and prove one canonical writer, directional projections, snapshot identity, consistency, dual-write prevention, conflict handling, and split-brain recovery before an owner can accept the no-overlap outcome.","PGAUTH-002; PGAUTH-006; STORE-001; POSTGRES-007","Define overlap precisely and prove one canonical writer, directional projections, snapshot identity, consistency, dual-write prevention, conflict handling, and split-brain recovery before an owner can accept the no-overlap outcome.","","",""
"NBV-136","BAREMETAL-CLAIM-007","NBSOURCE-012","current-implementation-claim","queued","local-source-to-runtime-end-to-end-trace","Produce a versioned end-to-end map and trace covering UI intent, transport, identity, policy, agent runtime, state authority, persistence, hardware boundary, failure paths, rollback, and proof; identify every unmapped edge.","LIFEOS-003; LIFEOS-005; LIFEOS-010; POSTGRES-009; RELEASE-002","Produce a versioned end-to-end map and trace covering UI intent, transport, identity, policy, agent runtime, state authority, persistence, hardware boundary, failure paths, rollback, and proof; identify every unmapped edge.","","",""
"NBV-137","BAREMETAL-QUESTION-001","NBSOURCE-012","question-claim","queued","owner-approval-after-readiness-gates","Keep initialization closed until source, build, install-owner, authority, rollback, and acceptance gates pass and the owner explicitly approves the mutation.","FOUNDATION-003; POSTGRES-009; RELEASE-002","Keep initialization closed until source, build, install-owner, authority, rollback, and acceptance gates pass and the owner explicitly approves the mutation.","","","Question preserved as question."
"NBV-138","BAREMETAL-QUESTION-002","NBSOURCE-012","question-claim","queued","agent-inventory-and-authority-review-followed-by-owner-decision","Inventory candidate agents and prove identity, purpose, authority, permissions, lifecycle, resource limits, isolation, shutdown, rollback, and evidence requirements before any owner deployment decision.","LIFEOS-003; LIFEOS-005; POSTGRES-006","Inventory candidate agents and prove identity, purpose, authority, permissions, lifecycle, resource limits, isolation, shutdown, rollback, and evidence requirements before any owner deployment decision.","","","Question preserved as question."
"NBV-139","BAREMETAL-PROVENANCE-001","NBSOURCE-012","source-provenance-claim","queued","citation-provenance-recovery","Recover the exact cited object and passage or record the citation as unavailable; do not infer its identity and do not treat the marker as proof.","NBSOURCE-004; NBVERIFY-000; PGAUTH-002; POSTGRES-007","Recover the exact cited object and passage or record the citation as unavailable; do not infer its identity and do not treat the marker as proof.","","",""
"NBV-140","AGENTDB-CLAIM-001","NBSOURCE-013","current-implementation-claim","queued","primary-local-source-runtime-benchmark-or-owner-decision","Trace .rvf discovery and loading and prove per-agent identity, authority, mutation, portability, retention, and recovery.","PGAUTH-003; POSTGRES-006; LIFEOS-005","Trace .rvf discovery and loading and prove per-agent identity, authority, mutation, portability, retention, and recovery.","","",""
"NBV-141","AGENTDB-CLAIM-002","NBSOURCE-013","application-claim","queued","primary-local-source-runtime-benchmark-or-owner-decision","Define and verify the cognition, learning, memory, witness, and promotion boundary; do not infer shared-state authority.","PGAUTH-003; POSTGRES-006; STORE-001","Define and verify the cognition, learning, memory, witness, and promotion boundary; do not infer shared-state authority.","","",""
"NBV-142","AGENTDB-CLAIM-003","NBSOURCE-013","current-implementation-claim","queued","primary-local-source-runtime-benchmark-or-owner-decision","Define frozen and hosted precisely, then prove the owner package, version, model provenance, node selection, configuration, and running process.","FOUNDATION-001; FOUNDATION-003; LIFEOS-005; POSTGRES-006","Define frozen and hosted precisely, then prove the owner package, version, model provenance, node selection, configuration, and running process.","","",""
"NBV-143","AGENTDB-CLAIM-004","NBSOURCE-013","application-claim","queued","primary-local-source-runtime-benchmark-or-owner-decision","Inspect AgentDB/RVF and ruvllm source contracts and test adapter identity, ownership, compatibility, loading, rollback, and recovery.","PGAUTH-003; POSTGRES-006; STORE-001","Inspect AgentDB/RVF and ruvllm source contracts and test adapter identity, ownership, compatibility, loading, rollback, and recovery.","","",""
"NBV-144","AGENTDB-CLAIM-005","NBSOURCE-013","performance-claim","queued","primary-local-source-runtime-benchmark-or-owner-decision","Run a reproducible adapter-swap benchmark with versions, hardware, workload, warm-up, percentiles, failure behavior, and raw results.","POSTGRES-006; LIFEOS-005; NBVERIFY-000","Run a reproducible adapter-swap benchmark with versions, hardware, workload, warm-up, percentiles, failure behavior, and raw results.","","",""
"NBV-145","AGENTDB-CLAIM-006","NBSOURCE-013","application-claim","queued","primary-local-source-runtime-benchmark-or-owner-decision","Inspect the learning implementation and define trace identity, authority, provenance, promotion, retention, rollback, and recovery.","PGAUTH-003; POSTGRES-006; LIFEOS-003","Inspect the learning implementation and define trace identity, authority, provenance, promotion, retention, rollback, and recovery.","","",""
"NBV-146","AGENTDB-CLAIM-007","NBSOURCE-013","application-claim","queued","primary-local-source-runtime-benchmark-or-owner-decision","Prove the learning control path and require bounded authority, rollback, audit, and owner approval before accepting autonomous behavior adjustment.","PGAUTH-003; POSTGRES-006; LIFEOS-003; STORE-001","Prove the learning control path and require bounded authority, rollback, audit, and owner approval before accepting autonomous behavior adjustment.","","",""
"NBV-147","AGENTDB-CLAIM-008","NBSOURCE-013","application-claim","queued","primary-local-source-runtime-benchmark-or-owner-decision","Inspect routing and evaluate retrieval, provenance, correctness, observability, fallback, and shared-state promotion boundaries.","PGAUTH-003; POSTGRES-006; POSTGRES-005; STORE-001","Inspect routing and evaluate retrieval, provenance, correctness, observability, fallback, and shared-state promotion boundaries.","","",""
"NBV-148","AGENTDB-CLAIM-009","NBSOURCE-013","performance-claim","queued","primary-local-source-runtime-benchmark-or-owner-decision","Benchmark one-agent and 50-agent configurations with fixed hardware and model inputs, then report resource, concurrency, latency, isolation, and failure results.","FOUNDATION-001; LIFEOS-005; POSTGRES-006; NBVERIFY-000","Benchmark one-agent and 50-agent configurations with fixed hardware and model inputs, then report resource, concurrency, latency, isolation, and failure results.","","",""
"NBV-149","AGENTDB-CLAIM-010","NBSOURCE-013","source-provenance-claim","queued","primary-local-source-runtime-benchmark-or-owner-decision","Recover exact primary-source citations or record them unavailable; do not use markers or repeated NotebookLM wording as verification.","NBVERIFY-000; PGAUTH-003; POSTGRES-006","Recover exact primary-source citations or record them unavailable; do not use markers or repeated NotebookLM wording as verification.","","",""
"NBV-150","AGENTDB-QUESTION-001","NBSOURCE-013","question-claim","queued","owner-approval-after-readiness-and-authority-gates","Passing source-to-package-to-installed-runtime, AgentDB authority, recovery, release, and explicit owner-decision records.","FOUNDATION-003; PGAUTH-003; POSTGRES-006; POSTGRES-009; RELEASE-002","Keep initialization closed until package, AgentDB identity and authority, installed-runtime, recovery, release, and explicit owner gates pass.","","","Question preserved as question."
"NBV-151","RNS-CLAIM-001","NBSOURCE-014","current-implementation-claim","queued","local-source-and-runtime-trace","Trace the active gitkb/meta implementation, .meta ownership, and an execution trace showing whether Node-binding isolation is implemented; distinguish Meta mechanism capability from LifeOS composition authority.","LPS-023; STRUCTURE-003; STRUCTURE-005; LIFEOS-003","Trace the active gitkb/meta implementation, .meta ownership, and an execution trace showing whether Node-binding isolation is implemented; distinguish Meta mechanism capability from LifeOS composition authority.","","",""
"NBV-152","RNS-CLAIM-002","NBSOURCE-014","architecture-proposal","queued","local-config-schema-inspection-plus-owner-decision","Inspect the .meta schema and current manifests, enumerate ownership and dependency edges, then obtain the explicit LifeOS/Meta owner decision on bounded peer relationships; do not infer permanent peer orchestration from the source.","STRUCTURE-005; STRUCTURE-006; LIFEOS-004","Inspect the .meta schema and current manifests, enumerate ownership and dependency edges, then obtain the explicit LifeOS/Meta owner decision on bounded peer relationships; do not infer permanent peer orchestration from the source.","","",""
"NBV-153","RNS-CLAIM-003","NBSOURCE-014","architecture-proposal","queued","local-meta-command-and-repository-build-trace","Inspect current meta exec configuration, resolve the named repositories/directories, run a read-only or isolated dry-run if available, and prove the exact Rust build boundary without mutating shared state.","LPS-027; FOUNDATION-002; DEVELOP-001","Inspect current meta exec configuration, resolve the named repositories/directories, run a read-only or isolated dry-run if available, and prove the exact Rust build boundary without mutating shared state.","","",""
"NBV-154","RNS-CLAIM-004","NBSOURCE-014","architecture-proposal","queued","isolated-reproducible-build-and-closure-inspection","Prove the include/exclude rule with an isolated build manifest and logs; inspect dependency closure and generated outputs to establish whether JavaScript/WASM artifacts are actually excluded.","FOUNDATION-003; POSTGRES-009; RELEASE-002","Prove the include/exclude rule with an isolated build manifest and logs; inspect dependency closure and generated outputs to establish whether JavaScript/WASM artifacts are actually excluded.","","",""
"NBV-155","RNS-CLAIM-005","NBSOURCE-014","performance-claim","queued","reproducible-release-artifact-and-content-provenance-test","Replace “guarantees” with a bounded acceptance criterion; build the exact release in isolation, inspect provenance and artifact contents, and test whether napi-rs-generated material is absent or intentionally present.","FOUNDATION-003; POSTGRES-009; RELEASE-002","Replace “guarantees” with a bounded acceptance criterion; build the exact release in isolation, inspect provenance and artifact contents, and test whether napi-rs-generated material is absent or intentionally present.","","",""
"NBV-156","RNS-QUESTION-001","NBSOURCE-014","question-claim","queued","owner-scope-decision-followed-by-task-specific-verification","Do not treat the question as authorization or proof. Decide whether a prompt is needed only after the bounded build/orchestration acceptance criteria and owner boundaries are defined.","LPS-027; FOUNDATION-003; POSTGRES-009; RELEASE-002","Do not treat the question as authorization or proof. Decide whether a prompt is needed only after the bounded build/orchestration acceptance criteria and owner boundaries are defined.","","","Question preserved as question."
"NBV-157","VECTORFLOW-CLAIM-001","NBSOURCE-015","engine-fact","queued","primary-local-evidence-or-owner-decision","Trace the selected ingestion boundary and prove which component generates embeddings versus stores, measures, or indexes vectors.","PGAUTH-001; POSTGRES-005; POSTGRES-006","Trace the selected ingestion boundary and prove which component generates embeddings versus stores, measures, or indexes vectors.","","",""
"NBV-158","VECTORFLOW-CLAIM-002","NBSOURCE-015","engine-fact","queued","primary-local-evidence-or-owner-decision","Inspect the owner-selected schema, vector representation, measurement operator, index, and query plan.","PGAUTH-001; POSTGRES-005; POSTGRES-006","Inspect the owner-selected schema, vector representation, measurement operator, index, and query plan.","","",""
"NBV-159","VECTORFLOW-CLAIM-003","NBSOURCE-015","current-implementation-claim","queued","primary-local-evidence-or-owner-decision","Locate the actual model and inference owner, then prove source, version, binary, model artifact, invocation, and installed-runtime behavior.","FOUNDATION-001; ADOPT-001; POSTGRES-005; POSTGRES-006","Locate the actual model and inference owner, then prove source, version, binary, model artifact, invocation, and installed-runtime behavior.","","",""
"NBV-160","VECTORFLOW-CLAIM-004","NBSOURCE-015","current-implementation-claim","queued","primary-local-evidence-or-owner-decision","Trace the exact envctl entry point, trigger, inputs, outputs, ownership, retry, failure, and audit semantics.","RECOVERY-003; ADOPT-002; PGAUTH-006; POSTGRES-006","Trace the exact envctl entry point, trigger, inputs, outputs, ownership, retry, failure, and audit semantics.","","",""
"NBV-161","VECTORFLOW-CLAIM-005","NBSOURCE-015","current-implementation-claim","queued","primary-local-evidence-or-owner-decision","Prove the parsed-record classes, redb tables, writer and reader identities, trigger, ordering, idempotency, durability, and recovery path.","RECOVERY-002; ADOPT-001; ADOPT-002; PGAUTH-002; PGAUTH-006; STORE-001; POSTGRES-004; POSTGRES-006","Prove the parsed-record classes, redb tables, writer and reader identities, trigger, ordering, idempotency, durability, and recovery path.","","",""
"NBV-162","VECTORFLOW-CLAIM-006","NBSOURCE-015","current-implementation-claim","queued","primary-local-evidence-or-owner-decision","Trace the text-to-vector path and prove chunking, model version, dimensions, input and output identity, batching, retry, and failure behavior.","ADOPT-001; ADOPT-002; POSTGRES-005; POSTGRES-006","Trace the text-to-vector path and prove chunking, model version, dimensions, input and output identity, batching, retry, and failure behavior.","","",""
"NBV-163","VECTORFLOW-CLAIM-007","NBSOURCE-015","current-implementation-claim","queued","primary-local-evidence-or-owner-decision","Prove the exact PostgreSQL write path, transaction and identity semantics, commit durability, canonical authority, replay, rollback, and recovery rules before accepting permanence.","PGAUTH-001; PGAUTH-002; PGAUTH-006; ADOPT-002; STORE-001; POSTGRES-004; POSTGRES-005; POSTGRES-006","Prove the exact PostgreSQL write path, transaction and identity semantics, commit durability, canonical authority, replay, rollback, and recovery rules before accepting permanence.","","",""
"NBV-164","VECTORFLOW-CLAIM-008","NBSOURCE-015","current-implementation-claim","queued","primary-local-evidence-or-owner-decision","Inspect the cache implementation and prove hash algorithm, normalized input boundary, collision strategy, identity scope, invalidation, eviction, and crash recovery.","PGAUTH-002; PGAUTH-006; STORE-001; POSTGRES-004; POSTGRES-006","Inspect the cache implementation and prove hash algorithm, normalized input boundary, collision strategy, identity scope, invalidation, eviction, and crash recovery.","","",""
"NBV-165","VECTORFLOW-CLAIM-009","NBSOURCE-015","performance-claim","queued","primary-local-evidence-or-owner-decision","Define exact-code identity and benchmark cache-hit rate, duplicate suppression, concurrency, collisions, cold and warm behavior, p50/p95/p99 latency, and failure recovery.","PGAUTH-002; PGAUTH-006; POSTGRES-005; POSTGRES-006","Define exact-code identity and benchmark cache-hit rate, duplicate suppression, concurrency, collisions, cold and warm behavior, p50/p95/p99 latency, and failure recovery.","","",""
"NBV-166","VECTORFLOW-CLAIM-010","NBSOURCE-015","question-claim","queued","primary-local-evidence-or-owner-decision","Do not infer COW database branching exists. If adopted, route it through explicit branch authority, concurrency, merge, witness, rollback, and recovery design and proof.","LIFEOS-003; POSTGRES-003; POSTGRES-005; POSTGRES-010","Do not infer COW database branching exists. If adopted, route it through explicit branch authority, concurrency, merge, witness, rollback, and recovery design and proof.","","","Question preserved as question."
"NBV-167","VECTORFLOW-CLAIM-011","NBSOURCE-015","source-provenance-claim","queued","primary-local-evidence-or-owner-decision","Recover exact primary citations or record them unavailable; never infer citations or treat their repetition as proof.","NBVERIFY-000; PGAUTH-002; POSTGRES-005; POSTGRES-006","Recover exact primary citations or record them unavailable; never infer citations or treat their repetition as proof.","","",""
"NBV-168","NIXMUSL-CLAIM-001","NBSOURCE-016","engine-fact","queued","inspect the owning Nix derivation and produced ELF with readelf/objdump; compare the pinned build and linker configuration","derivation and lock/input identity; produced ELF interpreter, RPATH/RUNPATH, NEEDED entries, and reproducible build log","FOUNDATION-001; FOUNDATION-003; POSTGRES-009","inspect the owning Nix derivation and produced ELF with readelf/objdump; compare the pinned build and linker configuration","","",""
"NBV-169","NIXMUSL-CLAIM-002","NBSOURCE-016","current-implementation-claim","queued","run a bounded artifact test outside the build/profile environment, with controlled missing-store and missing-daemon conditions; distinguish Nix-store files, daemon availability, dynamic loader, and permissions","artifact dependency report; isolated execution trace; failure classification; host matrix","FOUNDATION-003; POSTGRES-009; RELEASE-002","run a bounded artifact test outside the build/profile environment, with controlled missing-store and missing-daemon conditions; distinguish Nix-store files, daemon availability, dynamic loader, and permissions","","",""
"NBV-170","NIXMUSL-CLAIM-003","NBSOURCE-016","architecture-proposal","queued","inspect owner package source and build flags, then build the selected target in an isolated reproducible lane","flake/derivation, Rust target and linker settings, complete build log, artifact identity","FOUNDATION-001; FOUNDATION-002; FOUNDATION-003; POSTGRES-009","inspect owner package source and build flags, then build the selected target in an isolated reproducible lane","","",""
"NBV-171","NIXMUSL-CLAIM-004","NBSOURCE-016","architecture-proposal","queued","inspect the actual produced artifact and execute it outside the build/profile path; check ELF interpreter, RPATH/RUNPATH, NEEDED libraries, static closure, CPU assumptions, data/config dependencies, and behavior","checksummed artifact; dependency-closure report; off-path execution; reproducibility and rollback records","FOUNDATION-001; FOUNDATION-003; POSTGRES-009; RELEASE-002","inspect the actual produced artifact and execute it outside the build/profile path; check ELF interpreter, RPATH/RUNPATH, NEEDED libraries, static closure, CPU assumptions, data/config dependencies, and behavior","","",""
"NBV-172","NIXMUSL-CLAIM-005","NBSOURCE-016","performance-claim","queued","define portability acceptance criteria and test the owner-selected artifact on clean Ubuntu environments and an explicitly bounded host matrix, including startup and runtime behavior","release acceptance matrix; artifact provenance; clean-install/off-path runs; rollback and rebuild proof","POSTGRES-009; RELEASE-002; FOUNDATION-003","define portability acceptance criteria and test the owner-selected artifact on clean Ubuntu environments and an explicitly bounded host matrix, including startup and runtime behavior","","",""
"NBV-173","NIXMUSL-CLAIM-006","NBSOURCE-016","question-claim","queued","owner selection followed by separate source-to-runtime tracing only if a later task explicitly authorizes either topic","owner decision and the selected subsystem's local source/build/runtime evidence","FOUNDATION-002; POSTGRES-009","owner selection followed by separate source-to-runtime tracing only if a later task explicitly authorizes either topic","","","Question preserved as question."
"NBV-174","NIXMUSL-CLAIM-007","NBSOURCE-016","source-provenance-claim","queued","recover citation provenance from the source owner or NotebookLM metadata; otherwise record both citations as unavailable","original reference documents and exact passages for [1] and [2]","NBVERIFY-000; FOUNDATION-003; POSTGRES-009","recover citation provenance from the source owner or NotebookLM metadata; otherwise record both citations as unavailable","","",""
"NBV-175","NIXBUNDLE-CLAIM-001","NBSOURCE-017","architecture-proposal","queued","owner-source-trace-plus-closure-manifest-and-isolated-runtime-test","Identify the owning flake/package, enumerate the realized runtime closure, and test the produced bundle's launch, provenance, relocation, rollback, and cleanup behavior. Keep closure packaging distinct from static linking: copied dependencies may remain dynamically loaded.","FOUNDATION-001; FOUNDATION-003; POSTGRES-009; RELEASE-002","Identify the owning flake/package, enumerate the realized runtime closure, and test the produced bundle's launch, provenance, relocation, rollback, and cleanup behavior. Keep closure packaging distinct from static linking: copied dependencies may remain dynamically loaded.","","",""
"NBV-176","NIXBUNDLE-CLAIM-002","NBSOURCE-017","architecture-proposal","queued","reproducible-artifact-build-and-clean-host-acceptance-test","Compare AppImage with the owner-selected profile/package route for closure completeness, desktop integration, signatures, updates, rollback, permissions, and Ubuntu-first reproducibility before selection.","FOUNDATION-001; FOUNDATION-003; POSTGRES-009; RELEASE-002","Compare AppImage with the owner-selected profile/package route for closure completeness, desktop integration, signatures, updates, rollback, permissions, and Ubuntu-first reproducibility before selection.","","",""
"NBV-177","NIXBUNDLE-CLAIM-003","NBSOURCE-017","architecture-proposal","queued","owner-source-trace-plus-bundle-relocation-and-confinement-test","Trace both tools and the generated environment, then decide whether this route satisfies the foundation's one-owner, provenance, confinement, update, rollback, and non-shadow requirements. Do not infer that buildEnv makes the output static.","FOUNDATION-001; FOUNDATION-003; POSTGRES-009; RELEASE-002","Trace both tools and the generated environment, then decide whether this route satisfies the foundation's one-owner, provenance, confinement, update, rollback, and non-shadow requirements. Do not infer that buildEnv makes the output static.","","",""
"NBV-178","NIXBUNDLE-CLAIM-004","NBSOURCE-017","architecture-proposal","queued","bounded-portability-matrix-and-isolated-no-store-runtime-test","Replace 'any machine' with an owner-approved support matrix and prove execution outside the build path with closure inventory, interpreter and dynamic-dependency inspection, filesystem permissions, kernel/CPU assumptions, missing-store behavior, and rollback. Absence of /nix/store at launch is not equivalent to static compilation.","FOUNDATION-003; POSTGRES-009; RELEASE-002","Replace 'any machine' with an owner-approved support matrix and prove execution outside the build path with closure inventory, interpreter and dynamic-dependency inspection, filesystem permissions, kernel/CPU assumptions, missing-store behavior, and rollback. Absence of /nix/store at launch is not equivalent to static compilation.","","",""
"NBV-179","NIXBUNDLE-QUESTION-001","NBSOURCE-017","question-claim","queued","agent-startup-source-and-lifecycle-test-followed-by-owner-decision","Keep agent startup unclaimed until the launcher, agent inventory, authority, lifecycle, isolation, readiness, shutdown, and rollback are proved and the owner explicitly approves any execution.","LIFEOS-003; LIFEOS-005; POSTGRES-006; POSTGRES-009","Keep agent startup unclaimed until the launcher, agent inventory, authority, lifecycle, isolation, readiness, shutdown, and rollback are proved and the owner explicitly approves any execution.","","","Question preserved as question."
"NBV-180","NIXBUNDLE-PROVENANCE-001","NBSOURCE-017","source-provenance-claim","queued","citation-provenance-recovery","Recover the exact cited objects and passages or record them as unavailable; citation markers do not verify closure, AppImage, nix-user-chroot, portability, or no-store assertions.","NBVERIFY-000; FOUNDATION-001; FOUNDATION-003; POSTGRES-009","Recover the exact cited objects and passages or record them as unavailable; citation markers do not verify closure, AppImage, nix-user-chroot, portability, or no-store assertions.","","",""
"NBV-181","PGSCM-CLAIM-001","NBSOURCE-018","architecture-proposal","queued","owner-decision-plus-schema-and-source-authority-trace-plus-lossless-round-trip-test","Define the code entity, content-addressed identity, source/projection authority, branch scope, recovery source, parity, and explicit cutover decision; current committed CSV and source authority remain unchanged until POSTGRES-010 proof.","POSTGRES-002; POSTGRES-003; POSTGRES-010","Define the code entity, content-addressed identity, source/projection authority, branch scope, recovery source, parity, and explicit cutover decision; current committed CSV and source authority remain unchanged until POSTGRES-010 proof.","","",""
"NBV-182","PGSCM-CLAIM-002","NBSOURCE-018","performance-claim","queued","reproducible-context-and-retrieval-benchmark-with-corpus-config-and-percentiles","Define a bounded corpus and edit task; compare full-context and retrieval-assisted prompt tokens, latency, precision/recall, dependency completeness, reconstruction cost, and failure cases with reproducible configurations and percentiles. Replace 'completely eliminate' with a measured bounded outcome.","POSTGRES-004; POSTGRES-005; POSTGRES-009","Define a bounded corpus and edit task; compare full-context and retrieval-assisted prompt tokens, latency, precision/recall, dependency completeness, reconstruction cost, and failure cases with reproducible configurations and percentiles. Replace 'completely eliminate' with a measured bounded outcome.","","",""
"NBV-183","PGSCM-CLAIM-003","NBSOURCE-018","current-implementation-claim","queued","local-source-call-path-inspection-plus-pinned-query-plan-and-retrieval-evaluation","Trace a local retrieval call path and pin the extension/model/schema/query/index/ranking implementation; define exact-function relevance and prove authorization, precision, recall, stale-index behavior, and edit traceability.","POSTGRES-005","Trace a local retrieval call path and pin the extension/model/schema/query/index/ranking implementation; define exact-function relevance and prove authorization, precision, recall, stale-index behavior, and edit traceability.","","",""
"NBV-184","PGSCM-CLAIM-004","NBSOURCE-018","current-implementation-claim","queued","source-graph-provenance-inspection-plus-dependency-completeness-and-reconstruction-test","Define stable symbol and revision identities, parser/provenance, direct and transitive dependency semantics, language boundaries, stale/incomplete graph behavior, and a representative dependency-completeness test.","POSTGRES-002; POSTGRES-004; POSTGRES-005","Define stable symbol and revision identities, parser/provenance, direct and transitive dependency semantics, language boundaries, stale/incomplete graph behavior, and a representative dependency-completeness test.","","",""
"NBV-185","PGSCM-CLAIM-005","NBSOURCE-018","architecture-proposal","queued","owner-decision-plus-semantic-edit-contract-and-hermetic-promotion-test","Specify the bounded semantic-edit interface, identity and authorization boundaries, query/edit/validation lifecycle, branch and witness requirements, rollback, audit, and source projection before any owner selection or implementation claim.","POSTGRES-005; POSTGRES-007; LIFEOS-003","Specify the bounded semantic-edit interface, identity and authorization boundaries, query/edit/validation lifecycle, branch and witness requirements, rollback, audit, and source projection before any owner selection or implementation claim.","","",""
"NBV-186","PGSCM-PROVENANCE-001","NBSOURCE-018","source-provenance-claim","queued","citation-provenance-recovery","Recover the exact referenced source and passage or record citation provenance unavailable; do not infer a citation target or use the marker as technical proof.","NBVERIFY-000; POSTGRES-005","Recover the exact referenced source and passage or record citation provenance unavailable; do not infer a citation target or use the marker as technical proof.","","",""
"NBV-187","PGSCM-QUESTION-001","NBSOURCE-018","question-claim","queued","ingestion-and-embedding-source-trace-plus-reproducibility-and-retrieval-evaluation","Keep embedding generation unclaimed until a bounded ingestion and embedding contract identifies source bytes, code-block segmentation, model/version, normalization, vector provenance, re-embedding triggers, permissions, failure recovery, and evaluation.","POSTGRES-004; POSTGRES-005","Keep embedding generation unclaimed until a bounded ingestion and embedding contract identifies source bytes, code-block segmentation, model/version, normalization, vector provenance, re-embedding triggers, permissions, failure recovery, and evaluation.","","","Question preserved as question."
